"lozad src","car-info__footer","prime-features","price"
"https://teja8.kuikr.com/i5/20260528/White-2024-Hyundai-Grand-i10-NIOS-Asta-Petrol---3381-kms-driven-in-ak_LWBP330294493-1779978319_gv.webp","Hyundai Grand i10 NIOS Asta Petrol - 2024","3,381 kms / Petrol / 1st Owner","₹8,50,000"
"https://teja8.kuikr.com/i5/20260528/White-2015-Maruti-Suzuki-Swift-LDi---87000-kms-driven-in-Karmeta-VB201705171774173-ak_LWBP1994467288-1779968665_gv.webp","Maruti Suzuki Swift LDi - 2015","87,000 kms / Diesel","₹3,80,000"
"https://teja8.kuikr.com/i6/20260509/Red-2011-Hyundai-Santro-Xing-GLS---84-967-kms-driven-in-Wadi-VB201705171774173-ak_WBP1807496036-1778336289_gv.webp","Hyundai Santro Xing GLS - 2011","84,967 kms / Petrol","₹1,85,000"
"https://teja8.kuikr.com/i5/20260527/Black-2021-Honda-WR-V---82000-kms-driven-in-Howrah-AC-Market-ak_LWBP1348427035-1779857905_gv.webp","Honda WR V - 2021","82,000 kms / Petrol / 1st Owner","₹6,25,000"
"https://teja8.kuikr.com/i4/20260526/Black-2024-Maruti-Suzuki-BREZZA-ZXI---12500-kms-driven-in-Nehru-Nagar-ak_LWBP40494306-1779772878_gv.webp","Maruti Suzuki Maruti Suzuki BREZZA BREZZA ZXI ZXI - 2024 2024","12,500 kms / Hybrid,Hybrid / one,one","₹12,90,000"
"","Maruti Suzuki Wagon R VXi BS III - 2015","90,000 kms / Petrol / 2nd Owner","₹3,25,000"
"","Renault Kwid 1.0 RXT Opt - 2023","4,500 kms / Petrol","₹4,75,000"
"","Maruti Suzuki XL6 Zeta AT Petrol - 2021","1,75,000 kms / Petrol","₹8,65,000"
"","Mahindra Quanto C4 - 2013","94,000 kms / Diesel / 3rd Owner","₹2,75,000"
"","Maruti Suzuki Ertiga VDi - 2012","58,000 kms / Petrol / 1st Owner","₹6,10,000"
"","Volvo XC 60 - 2016","1,30,000 kms / Diesel / 1st Owner","₹13,99,999"
"","MG Motors Hector Sharp 1.5 DCT Petrol - 2021","39,000 kms / Petrol","₹14,00,000"
"","Toyota URBAN CRUISER HYRYDER - 2024","1,800 kms / Petrol","₹10,49,000"
"","Renault Kwid CLIMBER 1.0 AMT - 2020","12,890 kms / Petrol","₹4,45,000"
"","Tata Tiago XZ 1.2 REVOTRON - 2020","52,000 kms / Petrol","₹3,50,000"
"","Toyota Corolla Altis G Petrol - 2012","51,500 kms / Petrol / 3rd Owner","₹4,99,999"
"","Kia Seltos HTK Plus 1.5 - 2024","8,000 kms / Petrol","₹16,95,000"
"","Honda City 1.5 V MT Sunroof - 2013","36,050 kms / Petrol / 1st Owner","₹4,99,000"
"","Volkswagen VIRTUS - 2024","12,000 kms / Petrol","₹20,75,000"
"","Maruti Suzuki XL6 ALPHA SHVS MT - 2024","8,000 kms / Petrol / 1st Owner","₹14,50,000"
"","Kia Carens Luxury Plus - 2022","17,000 kms / Diesel","₹21,00,000"
"","Hyundai Creta 1.6 SX PLUS DIESEL - 2023","33,900 kms / Diesel","₹16,50,000"
"","Hyundai EXTER - 2023","16,500 kms / Petrol","₹9,50,000"
"","Toyota Glanza V - 2024","4,200 kms / Petrol","₹8,50,000"
"https://teja8.kuikr.com/i5/20260523/Grey-2015-Maruti-Suzuki-Wagon-R-VXi-BS-III---90000-kms-driven-in-Abids-ak_LWBP1552977328-1779548148_gv.webp","Maruti Suzuki Wagon R VXi BS III - 2015","90,000 kms / Petrol / 2nd Owner","₹3,25,000"
"https://teja8.kuikr.com/i6/20260522/2023-Renault-Kwid-10-RXT-Opt---4500-kms-driven-in-Banasavadi-VB201705171774173-ak_WBP765837668-1779430054_gv.webp","Renault Kwid 1.0 RXT Opt - 2023","4,500 kms / Petrol","₹4,75,000"
"https://teja8.kuikr.com/i4/20260507/Grey-2021-Maruti-Suzuki-XL6-Zeta-AT-Petrol---175000-kms-driven-in-Yeswanthpur-VB201705171774173-ak_LWBP98560497-1778177762_gv.webp","Maruti Suzuki XL6 Zeta AT Petrol - 2021","1,75,000 kms / Petrol","₹8,65,000"
"https://teja8.kuikr.com/i4/20260521/2013-Mahindra-Quanto-C4---94000-kms-driven-in-Khadakpada-ak_LWBP1325980299-1779351391_gv.webp","Mahindra Quanto C4 - 2013","94,000 kms / Diesel / 3rd Owner","₹2,75,000"
"https://teja8.kuikr.com/i5/20260521/White-2012-Maruti-Suzuki-Ertiga-VDi---58000-kms-driven-in-Sanjay-Nagar-ak_LWBP652583896-1779342405_gv.webp","Maruti Suzuki Ertiga VDi - 2012","58,000 kms / Petrol / 1st Owner","₹6,10,000"
"https://teja8.kuikr.com/i4/20260520/Grey-2016-Volvo-XC-60---130000-kms-driven-in-Laggere-Road-ak_LWBP1877607111-1779286343_gv.webp","Volvo XC 60 - 2016","1,30,000 kms / Diesel / 1st Owner","₹13,99,999"
"https://teja8.kuikr.com/i5/20260514/White-2021-MG-Motors-Hector-Sharp-15-DCT-Petrol---39000-kms-driven-in-ak_LWBP1951305535-1778724190_gv.webp","MG Motors Hector Sharp 1.5 DCT Petrol - 2021","39,000 kms / Petrol","₹14,00,000"
"https://teja8.kuikr.com/i6/20260512/2024-Toyota-URBAN-CRUISER-HYRYDER---1800-kms-driven-in-Chattarpur-VB201705171774173-ak_WBP688336532-1778586130_gv.webp","Toyota URBAN CRUISER HYRYDER - 2024","1,800 kms / Petrol","₹10,49,000"
"https://teja8.kuikr.com/i5/20260430/2020-Renault-Kwid-CLIMBER-10-AMT---12890-kms-driven-in-Thiruverkadu-VB201705171774173-ak_LWBP1420638961-1777571063_gv.webp","Renault Kwid CLIMBER 1.0 AMT - 2020","12,890 kms / Petrol","₹4,45,000"
"https://teja8.kuikr.com/i6/20260512/Red-2020-Tata-Tiago-XZ-12-REVOTRON---52000-kms-driven-in-Izatnagar-VB201705171774173-ak_LWBP81555191-1778568595_gv.webp","Tata Tiago XZ 1.2 REVOTRON - 2020","52,000 kms / Petrol","₹3,50,000"
"https://teja8.kuikr.com/i6/20260512/Blue-2012-Toyota-Corolla-Altis-G-Petrol---51500-kms-driven-in-Valasaravakkam-ak_LWBP448564679-1778575190_gv.webp","Toyota Corolla Altis G Petrol - 2012","51,500 kms / Petrol / 3rd Owner","₹4,99,999"
"https://teja8.kuikr.com/i4/20260407/Grey-2024-Kia-Seltos-HTK-Plus-15---8000-kms-driven-in-Vadapalani-VB201705171774173-ak_WBP884560224-1775572928_gv.webp","Kia Seltos HTK Plus 1.5 - 2024","8,000 kms / Petrol","₹16,95,000"
"https://teja8.kuikr.com/i5/20260524/Black-2013-Honda-City-15-V-MT-Sunroof---36050-kms-driven-in-ak_LWBP1401869701-1779590433_gv.webp","Honda City 1.5 V MT Sunroof - 2013","36,050 kms / Petrol / 1st Owner","₹4,99,000"
"https://teja8.kuikr.com/i5/20260528/Blue-2024-Volkswagen-VIRTUS---12000-kms-driven-in-Alwarpet-VB201705171774173-ak_WBP866603857-1779987674_gv.webp","Volkswagen VIRTUS - 2024","12,000 kms / Petrol","₹20,75,000"
"https://teja8.kuikr.com/i4/20260528/Blue-2024-Maruti-Suzuki-XL6-ALPHA-SHVS-MT---8000-kms-driven-in-ak_LWBP624081666-1779949952_gv.webp","Maruti Suzuki XL6 ALPHA SHVS MT - 2024","8,000 kms / Petrol / 1st Owner","₹14,50,000"
"https://teja8.kuikr.com/i4/20260527/Blue-2022-Kia-Carens-Luxury-Plus---17000-kms-driven-in-Vadapalani-VB201705171774173-ak_WBP1111055565-1779880367_gv.webp","Kia Carens Luxury Plus - 2022","17,000 kms / Diesel","₹21,00,000"
"https://teja8.kuikr.com/i6/20260327/Black-2023-Hyundai-Creta-16-SX-PLUS-DIESEL---33900-kms-driven-in-Vadapalani-VB201705171774173-ak_LWBP1709184065-1774557420_gv.webp","Hyundai Creta 1.6 SX PLUS DIESEL - 2023","33,900 kms / Diesel","₹16,50,000"
"https://teja8.kuikr.com/i4/20260523/Red-2023-Hyundai-EXTER---16500-kms-driven-in-Vadapalani-VB201705171774173-ak_WBP1774429212-1779536847_gv.webp","Hyundai EXTER - 2023","16,500 kms / Petrol","₹9,50,000"
"https://teja8.kuikr.com/i6/20260515/Red-2024-Toyota-Glanza-V---4200-kms-driven-in-Ashok-Nagar-VB201705171774173-ak_LWBP281125409-1778813419_gv.webp","Toyota Glanza V - 2024","4,200 kms / Petrol","₹8,50,000"
"https://teja8.kuikr.com/i5/20260507/Silver-2015-Skoda-Rapid-16-MPI-Elegance-Black-Package---71000-kms-driven-in-ak_LWBP772416778-1778173116_gv.webp","Skoda Rapid 1.6 MPI Elegance Black Package - 2015","71,000 kms / Diesel / 3rd Owner","₹4,41,000"
"","Maruti Suzuki Celerio VXi AMT ABS - 2014","73,000 kms / Petrol","₹2,85,000"
"","Ford Fiesta Classic 1.4 SXI Duratorq - 2012","1,46,629 kms / Diesel","₹2,29,999"
"","Mahindra XUV700 - 2024","31,000 kms / Diesel","₹25,25,000"
"","MG Motors Astor - 2023","36,000 kms / Petrol / 1st Owner","₹11,90,000"
"","Maruti Suzuki Ritz Vdi BS IV - 2012","1,75,000 kms / Diesel","₹3,95,000"
"","Mahindra XUV500 - 2015","70,000 kms / Diesel","₹8,00,000"
"","Maruti Suzuki Ciaz DELTA 1.5 SHVS VVT - 2019","10,700 kms / Petrol","₹8,25,000"
"","Honda City VX Petrol - 2014","57,000 kms / Petrol / 1st Owner","₹4,90,000"
"","Hyundai Creta 1.6 CRDI SX PLUS AUTO - 2016","1,00,000 kms / Diesel","₹7,25,000"
"","Toyota Fortuner 4x2 AT - 2021","60,000 kms / Diesel","₹34,50,000"
"","Honda City V CVT Petrol - 2021","57,300 kms / Petrol","₹9,25,000"
"","Mahindra Thar - 2023","11,000 kms / Petrol / 1st Owner","₹17,55,000"
"","Mercedes Benz GLA Class 200 CDI Sport - 2014","40,000 kms / Diesel","₹12,75,000"
"","Honda Amaze 1.2 S AT i VTEC - 2015","29,000 kms / Petrol","₹4,45,000"
"","Volkswagen Polo IPL II 1.6 Petrol Highline - 2016","45,000 kms / Petrol","₹5,95,000"
"","Maruti Suzuki Ertiga ZXI Plus - 2024","35,000 kms / Petrol","₹11,00,000"
"","Maruti Suzuki XL6 Zeta AT Petrol - 2021","1,75,000 kms / Petrol","₹8,65,000"
"","Hyundai Creta 1.6 SX PLUS AUTO PETROL - 2022","10,500 kms / Petrol","₹16,95,000"
"","MG Motors Gloster Savvy 2.0 Twin Turbo 6 STR 4WD - 2024","2,265 kms / Diesel","₹45,50,000"
"","Volkswagen Tiguan - 2022","31,000 kms / Petrol","₹25,35,000"
"","Hyundai NEW I20 N LINE - 2024","17,930 kms / Petrol","₹12,30,000"
"","Honda ELEVATE - 2024","13,955 kms / Petrol","₹18,50,000"
"","Volkswagen VIRTUS - 2023","44,500 kms / Petrol","₹13,95,000"
"https://teja8.kuikr.com/i5/20260507/White-2014-Maruti-Suzuki-Celerio-VXi-AMT-ABS---73000-kms-driven-in-Vesu-VB201705171774173-ak_LWBP1884821407-1778170436_gv.webp","Maruti Suzuki Celerio VXi AMT ABS - 2014","73,000 kms / Petrol","₹2,85,000"
"https://teja8.kuikr.com/i4/20260506/White-2012-Ford-Fiesta-Classic-14-SXI-Duratorq---146629-kms-driven-in-Brajrajnagar-VB201705171774173-ak_LWBP947279166-1778086988_gv.webp","Ford Fiesta Classic 1.4 SXI Duratorq - 2012","1,46,629 kms / Diesel","₹2,29,999"
"https://teja8.kuikr.com/i5/20260504/Midnight-Black-2024-Mahindra-XUV700---31000-kms-driven-in-Begumpet-VB201705171774173-ak_LWBP1954666720-1777915335_gv.webp","Mahindra XUV700 - 2024","31,000 kms / Diesel","₹25,25,000"
"https://teja8.kuikr.com/i6/20260425/White-2023-MG-Motors-Astor---36000-kms-driven-in-Damana-ak_LWBP1380238907-1777135699_gv.webp","MG Motors Astor - 2023","36,000 kms / Petrol / 1st Owner","₹11,90,000"
"https://teja8.kuikr.com/i6/20260424/2012-Maruti-Suzuki-Ritz-Vdi-BS-IV---175000-kms-driven-in-Manikonda-VB201705171774173-ak_WBP189103505-1777023985_gv.webp","Maruti Suzuki Ritz Vdi BS IV - 2012","1,75,000 kms / Diesel","₹3,95,000"
"https://teja8.kuikr.com/i4/20260425/2015-Mahindra-XUV500---80000-kms-driven-in-Satya-Narayana-Pet-VB201705171774173-ak_LWBP1455596499-1777067768_gv.webp","Mahindra XUV500 - 2015","70,000 kms / Diesel","₹8,00,000"
"https://teja8.kuikr.com/i6/20260422/2019-Maruti-Suzuki-Ciaz-DELTA-15-SHVS-VVT---10700-kms-driven-in-Daba-Gardens-VB201705171774173-ak_WBP1714932758-1776856717_gv.webp","Maruti Suzuki Ciaz DELTA 1.5 SHVS VVT - 2019","10,700 kms / Petrol","₹8,25,000"
"https://teja8.kuikr.com/i4/20260420/Silver-2014-Honda-City-VX-Petrol---57000-kms-driven-in-Bharat-Nagar-ak_LWBP479801076-1776683987_gv.webp","Honda City VX Petrol - 2014","57,000 kms / Petrol / 1st Owner","₹4,90,000"
"https://teja8.kuikr.com/i4/20260420/Silver-2016-Hyundai-Creta-16-CRDI-SX-PLUS-AUTO---100000-kms-driven-in-Santacruz-East-VB201705171774173-ak_LWBP2072317128-1776676416_gv.webp","Hyundai Creta 1.6 CRDI SX PLUS AUTO - 2016","1,00,000 kms / Diesel","₹7,25,000"
"https://teja8.kuikr.com/i4/20260420/Black-2021-Toyota-Fortuner-4x2-AT---60000-kms-driven-in-Santacruz-East-VB201705171774173-ak_LWBP2078718750-1776675939_gv.webp","Toyota Fortuner 4x2 AT - 2021","60,000 kms / Diesel","₹34,50,000"
"https://teja8.kuikr.com/i6/20260418/2021-Honda-City-V-CVT-Petrol---573000-kms-driven-in-Wagholi-VB201705171774173-ak_WBP1446707159-1776512587_gv.webp","Honda City V CVT Petrol - 2021","57,300 kms / Petrol","₹9,25,000"
"https://teja8.kuikr.com/i4/20260217/Red-2023-Mahindra-Thar---11000-kms-driven-in-ak_LWBP1703701269-1771312049_gv.webp","Mahindra Thar - 2023","11,000 kms / Petrol / 1st Owner","₹17,55,000"
"https://teja8.kuikr.com/i5/20260408/2014-Mercedes-Benz-GLA-Class-200-CDI-Sport---40000-kms-driven-in-Kasturi-Nagar-VB201705171774173-ak_LWBP1396018576-1775588448_gv.webp","Mercedes Benz GLA Class 200 CDI Sport - 2014","40,000 kms / Diesel","₹12,75,000"
"https://teja8.kuikr.com/i5/20260408/2015-Honda-Amaze-12-S-AT-i-VTEC---29000-kms-driven-in-Kasturi-Nagar-VB201705171774173-ak_LWBP2028130684-1775624198_gv.webp","Honda Amaze 1.2 S AT i VTEC - 2015","29,000 kms / Petrol","₹4,45,000"
"https://teja8.kuikr.com/i4/20260408/2016-Volkswagen-Polo-IPL-II-16-Petrol-Highline---45000-kms-driven-in-Kasturi-Nagar-VB201705171774173-ak_WBP1939548180-1775589010_gv.webp","Volkswagen Polo IPL II 1.6 Petrol Highline - 2016","45,000 kms / Petrol","₹5,95,000"
"https://teja8.kuikr.com/i4/20260523/2024-Maruti-Suzuki-Ertiga-ZXI-Plus---35000-kms-driven-in-Malakpet-VB201705171774173-ak_WBP1706003913-1779508082_gv.webp","Maruti Suzuki Ertiga ZXI Plus - 2024","35,000 kms / Petrol","₹11,00,000"
"https://teja8.kuikr.com/i4/20260522/Grey-2021-Maruti-Suzuki-XL6-Zeta-AT-Petrol---175000-kms-driven-in-Yeswanthpur-VB201705171774173-ak_LWBP1425745803-1779430772_gv.webp","Maruti Suzuki XL6 Zeta AT Petrol - 2021","1,75,000 kms / Petrol","₹8,65,000"
"https://teja8.kuikr.com/i6/20260521/Black-2022-Hyundai-Creta-16-SX-PLUS-AUTO-PETROL---10500-kms-driven-in-Alwarpet-VB201705171774173-ak_LWBP1818560666-1779361037_gv.webp","Hyundai Creta 1.6 SX PLUS AUTO PETROL - 2022","10,500 kms / Petrol","₹16,95,000"
"https://teja8.kuikr.com/i6/20260314/White-2024-MG-Motors-Gloster-Savvy-20-Twin-Turbo-6-STR-4WD---2265-kms-driven-in-Alwarpet-VB201705171774173-ak_LWBP640362272-1773432991_gv.webp","MG Motors Gloster Savvy 2.0 Twin Turbo 6 STR 4WD - 2024","2,265 kms / Diesel","₹45,50,000"
"https://teja8.kuikr.com/i4/20260520/White-2022-Volkswagen-Tiguan---31000-kms-driven-in-Alwarpet-VB201705171774173-ak_LWBP446796315-1779284322_gv.webp","Volkswagen Tiguan - 2022","31,000 kms / Petrol","₹25,35,000"
"https://teja8.kuikr.com/i6/20260520/White-2024-Hyundai-NEW-I20-N-LINE---17930-kms-driven-in-Vadapalani-VB201705171774173-ak_WBP1049345774-1779271272_gv.webp","Hyundai NEW I20 N LINE - 2024","17,930 kms / Petrol","₹12,30,000"
"https://teja8.kuikr.com/i5/20260516/Brown-2024-Honda-ELEVATE---13955-kms-driven-in-Vadapalani-VB201705171774173-ak_WBP641970121-1778955139_gv.webp","Honda ELEVATE - 2024","13,955 kms / Petrol","₹18,50,000"
"https://teja8.kuikr.com/i6/20260517/Grey-2023-Volkswagen-VIRTUS---44500-kms-driven-in-Vadapalani-VB201705171774173-ak_LWBP1101537275-1778958140_gv.webp","Volkswagen VIRTUS - 2023","44,500 kms / Petrol","₹13,95,000"
"https://teja8.kuikr.com/i6/20260407/2022-Toyota-Innova-Crysta-24-VX-7-STR---90000-kms-driven-in-Kasturi-Nagar-VB201705171774173-ak_LWBP296627876-1775569517_gv.webp","Toyota Innova Crysta 2.4 VX 7 STR - 2022","90,000 kms / Diesel","₹22,50,000"
"https://teja8.kuikr.com/i6/20260408/2017-Mahindra-Scorpio-W-Turbo-26-LX---115000-kms-driven-in-Kasturi-Nagar-VB201705171774173-ak_WBP1263992684-1775648564_gv.webp","Mahindra Scorpio W Turbo 2.6 LX - 2017","1,15,000 kms / Diesel","₹6,50,000"
"https://teja8.kuikr.com/i6/20260412/2016-Honda-Jazz-V-AT---81000-kms-driven-in-Kasturi-Nagar-VB201705171774173-ak_WBP1723545023-1775983429_gv.webp","Honda Jazz V AT - 2016","81,000 kms / Petrol","₹3,95,000"
"https://teja8.kuikr.com/i4/20260410/2023-Mahindra-Bolero-Neo-Plus---39000-kms-driven-in-Kasturi-Nagar-VB201705171774173-ak_LWBP1463776875-1775795231_gv.webp","Mahindra Bolero Neo Plus - 2023","39,000 kms / Diesel","₹9,35,000"
"https://teja8.kuikr.com/i5/20260408/2011-Volkswagen-Polo-Comfortline-12L-D---110000-kms-driven-in-Kasturi-Nagar-VB201705171774173-ak_LWBP887258731-1775644787_gv.webp","Volkswagen Polo Comfortline 1.2L D - 2011","1,10,000 kms / Diesel","₹2,65,000"
"","Hyundai Grand i10 Sportz O 1.2 MT - 2019","79,000 kms / Petrol","₹4,35,000"
"","Mahindra Thar CRDe 4x4 AC - 2022","22,000 kms / Diesel","₹14,25,000"
"","Audi Q7 45 TDI Premium Plus - 2017","40,000 kms / Diesel","₹34,99,000"
"","Audi Q7 45 TDI Premium Plus - 2017","40,000 kms / Diesel","₹34,99,000"
"","Mercedes Benz GLC 220 d - 2017","74,000 kms / Diesel","₹27,50,000"
"","Mercedes Benz GLC CLASS - 2017","74,000 kms / Diesel","₹27,50,000"
"","Volvo S60 Cross Country Inscription - 2016","60,000 kms / Diesel","₹13,99,000"
"","Volvo S60 Cross Country Inscription - 2016","60,000 kms / Diesel","₹13,99,000"
"","BMW 3 Series GT 320d GT Luxury Line - 2017","60,000 kms / Diesel","₹22,75,000"
"","BMW 3 Series GT 320d GT Luxury Line - 2017","60,000 kms / Diesel","₹22,75,000"
"","Honda City ZX CVT Petrol - 2017","50,043 kms / Petrol","₹6,45,000"
"","BMW 3 Series 320d Luxury Line - 2020","21,930 kms / Diesel","₹33,00,000"
"","Force Motors Gurkha Hard Top 4X4 - 2022","37,600 kms / Diesel / 2nd Owner","₹11,75,000"
"","Volkswagen VIRTUS - 2022","22,000 kms / Petrol","₹16,50,000"
"","Kia Sonet GTX Plus - 2023","12,930 kms / Diesel","₹15,45,000"
"","Mahindra XUV 700 - 2024","23,000 kms / Diesel","₹24,90,000"
"","Honda City V MT PETROL - 2021","27,000 kms / Petrol / 1st Owner","₹9,85,000"
"","Skoda Octavia L K - 2020","75,000 kms / Diesel","₹14,95,000"
"","Toyota Corolla Altis G AT Petrol - 2013","1,20,000 kms / Petrol / 1st Owner","₹4,25,000"
"https://teja8.kuikr.com/i5/20260413/2019-Hyundai-Grand-i10-Sportz-O--12-MT---79000-kms-driven-in-Kasturi-Nagar-VB201705171774173-ak_WBP1208212390-1776076154_gv.webp","Hyundai Grand i10 Sportz O 1.2 MT - 2019","79,000 kms / Petrol","₹4,35,000"
"https://teja8.kuikr.com/i5/20260415/2022-Mahindra-Thar-CRDe-4x4-AC---22000-kms-driven-in-80-Ft-Road-VB201705171774173-ak_WBP901026226-1776247034_gv.webp","Mahindra Thar CRDe 4x4 AC - 2022","22,000 kms / Diesel","₹14,25,000"
"https://teja8.kuikr.com/i4/20260414/2017-Audi-Q7-45-TDI-Premium-Plus---40000-kms-driven-in-Vashi-VB201705171774173-ak_WBP1546857273-1776169280_gv.webp","Audi Q7 45 TDI Premium Plus - 2017","40,000 kms / Diesel","₹34,99,000"
"https://teja8.kuikr.com/i6/20260414/White-2017-Audi-Q7-45-TDI-Premium-Plus---40000-kms-driven-in-Santacruz-West-VB201705171774173-ak_WBP1006311749-1776169157_gv.webp","Audi Q7 45 TDI Premium Plus - 2017","40,000 kms / Diesel","₹34,99,000"
"https://teja8.kuikr.com/i4/20260414/Blue-2017-Mercedes-Benz-GLC-220-d---74000-kms-driven-in-Santacruz-West-VB201705171774173-ak_WBP1099764312-1776168801_gv.webp","Mercedes Benz GLC 220 d - 2017","74,000 kms / Diesel","₹27,50,000"
"https://teja8.kuikr.com/i5/20260414/Blue-2017-Mercedes-Benz-GLC-CLASS---74000-kms-driven-in-Vashi-VB201705171774173-ak_LWBP1878346942-1776163359_gv.webp","Mercedes Benz GLC CLASS - 2017","74,000 kms / Diesel","₹27,50,000"
"https://teja8.kuikr.com/i4/20260414/Grey-2016-Volvo-S60-Cross-Country-Inscription---60000-kms-driven-in-Vashi-VB201705171774173-ak_LWBP2061587238-1776161403_gv.webp","Volvo S60 Cross Country Inscription - 2016","60,000 kms / Diesel","₹13,99,000"
"https://teja8.kuikr.com/i4/20260414/Grey-2016-Volvo-S60-Cross-Country-Inscription---60000-kms-driven-in-Santacruz-West-VB201705171774173-ak_WBP949368105-1776160830_gv.webp","Volvo S60 Cross Country Inscription - 2016","60,000 kms / Diesel","₹13,99,000"
"https://teja8.kuikr.com/i6/20260414/Grey-2017-BMW-3-Series-GT-320d-GT-Luxury-Line---60000-kms-driven-in-Vashi-VB201705171774173-ak_LWBP894194717-1776160209_gv.webp","BMW 3 Series GT 320d GT Luxury Line - 2017","60,000 kms / Diesel","₹22,75,000"
"https://teja8.kuikr.com/i5/20260414/Grey-2017-BMW-3-Series-GT-320d-GT-Luxury-Line---60000-kms-driven-in-Santacruz-West-VB201705171774173-ak_LWBP513236911-1776159971_gv.webp","BMW 3 Series GT 320d GT Luxury Line - 2017","60,000 kms / Diesel","₹22,75,000"
"https://teja8.kuikr.com/i5/20260411/2017-Honda-City-ZX-CVT-Petrol---53000-kms-driven-in-Andheri-Kurla-Road-VB201705171774173-ak_WBP637724146-1775889244_gv.webp","Honda City ZX CVT Petrol - 2017","50,043 kms / Petrol","₹6,45,000"
"https://teja8.kuikr.com/i6/20260517/Blue-2020-BMW-3-Series-320d-Luxury-Line---21930-kms-driven-in-Vadapalani-VB201705171774173-ak_LWBP1389241571-1778996657_gv.webp","BMW 3 Series 320d Luxury Line - 2020","21,930 kms / Diesel","₹33,00,000"
"https://teja8.kuikr.com/i4/20260510/Black-2022-Force-Motors-Gurkha-Hard-Top-4X4---37600-kms-driven-in-Anandapuram-ak_LWBP1836831357-1778390012_gv.webp","Force Motors Gurkha Hard Top 4X4 - 2022","37,600 kms / Diesel / 2nd Owner","₹11,75,000"
"https://teja8.kuikr.com/i6/20260515/Blue-2022-Volkswagen-VIRTUS---22000-kms-driven-in-Chetpet-VB201705171774173-ak_LWBP870755381-1778847743_gv.webp","Volkswagen VIRTUS - 2022","22,000 kms / Petrol","₹16,50,000"
"https://teja8.kuikr.com/i4/20260515/Black-2023-Kia-Sonet-GTX-Plus---12930-kms-driven-in-Nungambakkam-VB201705171774173-ak_WBP761683179-1778845928_gv.webp","Kia Sonet GTX Plus - 2023","12,930 kms / Diesel","₹15,45,000"
"https://teja8.kuikr.com/i5/20260515/Black-2024-Mahindra-XUV-700---23000-kms-driven-in-Vadapalani-VB201705171774173-ak_LWBP650185351-1778843575_gv.webp","Mahindra XUV 700 - 2024","23,000 kms / Diesel","₹24,90,000"
"https://teja8.kuikr.com/i6/20241202/Red-2021-Honda-City-V-MT-PETROL---27000-kms-driven-in-Greater-Kailash-II-ak_LWBP2097220988-1733117155_gv.webp","Honda City V MT PETROL - 2021","27,000 kms / Petrol / 1st Owner","₹9,85,000"
"https://teja8.kuikr.com/i4/20250812/2020-Skoda-Octavia-L-K---75000-kms-driven-in-Greater-Kailash-II-VB201705171774173-ak_WBP535827873-1754990640_gv.webp","Skoda Octavia L K - 2020","75,000 kms / Diesel","₹14,95,000"
"https://teja8.kuikr.com/i4/20250416/Silver-2013-Toyota-Corolla-Altis-G-AT-Petrol---120000-kms-driven-in-Greater-Kailash-II-ak_LWBP717010659-1744799116_gv.webp","Toyota Corolla Altis G AT Petrol - 2013","1,20,000 kms / Petrol / 1st Owner","₹4,25,000"
"https://teja8.kuikr.com/i6/20260414/Red-2015-BMW-1-Series-118d-Sport-Line---72000-kms-driven-in-Koregaon-Park-VB201705171774173-ak_LWBP1789393544-1776155567_gv.webp","BMW 1 Series 118d Sport Line - 2015","72,000 kms / Diesel","₹15,25,000"
"https://teja8.kuikr.com/i5/20260414/Red-2015-BMW-1-Series-118d-Sport-Line---72000-kms-driven-in-Ghodbunder-Road-VB201705171774173-ak_LWBP647293087-1776155262_gv.webp","BMW 1 Series 118d Sport Line - 2015","72,000 kms / Diesel","₹15,25,000"
"https://teja8.kuikr.com/i4/20260414/Red-2015-BMW-1-Series-118d-Hatchback---72000-kms-driven-in-Santacruz-West-VB201705171774173-ak_LWBP1083592986-1776154984_gv.webp","BMW 1 Series 118d Hatchback - 2015","72,000 kms / Diesel","₹15,25,000"
"","Mercedes Benz E Class E 250 CDI Avantgarde - 2015","48,000 kms / Diesel","₹21,75,000"
"","Mercedes Benz E Class E250 CDI BlueEfficiency - 2015","48,000 kms / Diesel","₹21,75,000"
"","Mercedes Benz E Class 250 CDI Avantgarde - 2015","48,000 kms / Diesel","₹21,75,000"
"","Volvo XC 60 - 2012","89,000 kms / Diesel","₹13,99,000"
"","Volvo XC60 D3 Kinetic - 2012","89,000 kms / Diesel","₹13,99,000"
"","Maruti Suzuki Wagon R LXI BSII - 2007","94,000 kms / Petrol / 3rd Owner","₹1,10,000"
"","Volvo XC 60 - 2012","89,000 kms / Diesel","₹13,99,000"
"","BMW X1 sDrive20d Expedition - 2018","57,000 kms / Diesel","₹18,40,000"
"","Mitsubishi Outlander 2.4 MIVEC 7 STR - 2012","52,000 kms / Petrol","₹8,15,000"
"","Mitsubishi Outlander 2.4 MIVEC 7 STR - 2012","52,000 kms / Petrol","₹8,15,000"
"","Mitsubishi Outlander 2.4 MIVEC 7 STR - 2012","52,000 kms / Petrol","₹8,15,000"
"","BMW X1 sDrive20d Expedition - 2018","57,000 kms / Diesel","₹18,40,000"
"","BMW X1 sDrive20d H - 2015","56,000 kms / Diesel","₹14,50,000"
"","Kia Sonet GTX Plus - 2021","25,000 kms / Petrol","₹12,30,000"
"","Toyota Innova Crysta 2.4 ZX 7 STR - 2018","1,70,000 kms / Diesel","₹13,99,000"
"","Volkswagen VIRTUS - 2024","13,995 kms / Petrol","₹20,75,000"
"","Maruti Suzuki Swift Dzire Tour LDi - 2018","1,65,000 kms / Diesel","₹4,30,000"
"","Hyundai Verna 1.6 SX VTVT AT O  - 2023","20,750 kms / Petrol","₹16,95,000"
"","Volkswagen VIRTUS - 2023","2,300 kms / Petrol","₹16,80,000"
"","Honda Amaze 1.2 VX i VTEC - 2021","24,352 kms / Petrol","₹7,90,000"
"","Kia Seltos HTK Plus AT 1.5 Diesel - 2022","15,750 kms / Diesel","₹16,25,000"
"https://teja8.kuikr.com/i6/20260414/White-2015-Mercedes-Benz-E-Class-E-250-CDI-Avantgarde---48000-kms-driven-in-Kharghar-VB201705171774173-ak_LWBP1415329370-1776154374_gv.webp","Mercedes Benz E Class E 250 CDI Avantgarde - 2015","48,000 kms / Diesel","₹21,75,000"
"https://teja8.kuikr.com/i6/20260414/2015-Mercedes-Benz-E-Class-E250-CDI-BlueEfficiency---48000-kms-driven-in-Ghodbunder-Road-VB201705171774173-ak_LWBP486198800-1776153870_gv.webp","Mercedes Benz E Class E250 CDI BlueEfficiency - 2015","48,000 kms / Diesel","₹21,75,000"
"https://teja8.kuikr.com/i5/20260414/White-2015-Mercedes-Benz-E-Class-250-CDI-Avantgarde---48000-kms-driven-in-Santacruz-West-VB201705171774173-ak_LWBP240074101-1776153595_gv.webp","Mercedes Benz E Class 250 CDI Avantgarde - 2015","48,000 kms / Diesel","₹21,75,000"
"https://teja8.kuikr.com/i6/20260414/Brown-2012-Volvo-XC-60---89000-kms-driven-in-Vashi-VB201705171774173-ak_LWBP1974094457-1776152947_gv.webp","Volvo XC 60 - 2012","89,000 kms / Diesel","₹13,99,000"
"https://teja8.kuikr.com/i5/20260414/Brown-2012-Volvo-XC60-D3-Kinetic---89000-kms-driven-in-Ghodbunder-Road-VB201705171774173-ak_LWBP682618735-1776152004_gv.webp","Volvo XC60 D3 Kinetic - 2012","89,000 kms / Diesel","₹13,99,000"
"https://teja8.kuikr.com/i4/20260414/Red-2007-Maruti-Suzuki-Wagon-R-LXI-BSII---94000-kms-driven-in-ak_LWBP400024833-1776149981_gv.webp","Maruti Suzuki Wagon R LXI BSII - 2007","94,000 kms / Petrol / 3rd Owner","₹1,10,000"
"https://teja8.kuikr.com/i4/20260414/Brown-2012-Volvo-XC-60---89000-kms-driven-in-Santacruz-West-VB201705171774173-ak_LWBP1459670487-1776150876_gv.webp","Volvo XC 60 - 2012","89,000 kms / Diesel","₹13,99,000"
"https://teja8.kuikr.com/i6/20260413/White-2018-BMW-X1-sDrive20d-Expedition---57000-kms-driven-in-Kharghar-VB201705171774173-ak_LWBP556339013-1776083681_gv.webp","BMW X1 sDrive20d Expedition - 2018","57,000 kms / Diesel","₹18,40,000"
"https://teja8.kuikr.com/i6/20260413/White-2012-Mitsubishi-Outlander-24-MIVEC-7-STR---52000-kms-driven-in-Santacruz-West-VB201705171774173-ak_LWBP618021425-1776084292_gv.webp","Mitsubishi Outlander 2.4 MIVEC 7 STR - 2012","52,000 kms / Petrol","₹8,15,000"
"https://teja8.kuikr.com/i4/20260413/White-2012-Mitsubishi-Outlander-24-MIVEC-7-STR---52000-kms-driven-in-Dombivli-VB201705171774173-ak_LWBP720869709-1776084412_gv.webp","Mitsubishi Outlander 2.4 MIVEC 7 STR - 2012","52,000 kms / Petrol","₹8,15,000"
"https://teja8.kuikr.com/i5/20260413/White-2012-Mitsubishi-Outlander-24-MIVEC-7-STR---52000-kms-driven-in-New-Panvel-VB201705171774173-ak_WBP365890741-1776084628_gv.webp","Mitsubishi Outlander 2.4 MIVEC 7 STR - 2012","52,000 kms / Petrol","₹8,15,000"
"https://teja8.kuikr.com/i6/20260413/White-2018-BMW-X1-sDrive20d-Expedition---57000-kms-driven-in-Ghodbunder-Road-VB201705171774173-ak_LWBP1026539414-1776083524_gv.webp","BMW X1 sDrive20d Expedition - 2018","57,000 kms / Diesel","₹18,40,000"
"https://teja8.kuikr.com/i4/20260413/Orange-2015-BMW-X1-sDrive20d-H---56000-kms-driven-in-Santacruz-West-VB201705171774173-ak_LWBP1078243008-1776082378_gv.webp","BMW X1 sDrive20d H - 2015","56,000 kms / Diesel","₹14,50,000"
"https://teja8.kuikr.com/i5/20260515/White-2021-Kia-Sonet-GTX-Plus---25000-kms-driven-in-Vadapalani-VB201705171774173-ak_LWBP537313555-1778841749_gv.webp","Kia Sonet GTX Plus - 2021","25,000 kms / Petrol","₹12,30,000"
"https://teja8.kuikr.com/i4/20260515/2018-Toyota-Innova-Crysta-24-ZX-7-STR---170000-kms-driven-in-Greater-Kailash-II-VB201705171774173-ak_WBP810234318-1778842274_gv.webp","Toyota Innova Crysta 2.4 ZX 7 STR - 2018","1,70,000 kms / Diesel","₹13,99,000"
"https://teja8.kuikr.com/i4/20260514/Red-2024-Volkswagen-VIRTUS---13995-kms-driven-in-Alwarpet-VB201705171774173-ak_WBP2071348866-1778701623_gv.webp","Volkswagen VIRTUS - 2024","13,995 kms / Petrol","₹20,75,000"
"https://teja8.kuikr.com/i6/20260513/2018-Maruti-Suzuki-Swift-Dzire-Tour-LDi---165000-kms-driven-in-Kattigenahalli-VB201705171774173-ak_LWBP616253117-1778649558_gv.webp","Maruti Suzuki Swift Dzire Tour LDi - 2018","1,65,000 kms / Diesel","₹4,30,000"
"https://teja8.kuikr.com/i6/20260512/White-2023-Hyundai-Verna-16-SX-VTVT-AT--O----20750-kms-driven-in-Vadapalani-VB201705171774173-ak_WBP1464650843-1778574232_gv.webp","Hyundai Verna 1.6 SX VTVT AT O  - 2023","20,750 kms / Petrol","₹16,95,000"
"https://teja8.kuikr.com/i5/20260508/White-2023-Volkswagen-VIRTUS---2300-kms-driven-in-Vadapalani-VB201705171774173-ak_LWBP98786953-1778221470_gv.webp","Volkswagen VIRTUS - 2023","2,300 kms / Petrol","₹16,80,000"
"https://teja8.kuikr.com/i4/20260507/White-2021-Honda-Amaze-12-VX-i-VTEC---24352-kms-driven-in-Muvattupuzha-VB201705171774173-ak_WBP1581655815-1778103227_gv.webp","Honda Amaze 1.2 VX i VTEC - 2021","24,352 kms / Petrol","₹7,90,000"
"https://teja8.kuikr.com/i5/20260505/White-2022-Kia-Seltos-HTK-Plus-AT-15-Diesel---15750-kms-driven-in-Alwarpet-VB201705171774173-ak_LWBP385235872-1777994614_gv.webp","Kia Seltos HTK Plus AT 1.5 Diesel - 2022","15,750 kms / Diesel","₹16,25,000"
"https://teja8.kuikr.com/i4/20260413/White-2018-BMW-X1-sDrive20d-Expedition---57000-kms-driven-in-Santacruz-West-VB201705171774173-ak_LWBP1894623108-1776083254_gv.webp","BMW X1 sDrive20d Expedition - 2018","57,000 kms / Diesel","₹18,40,000"
"https://teja8.kuikr.com/i5/20260413/Orange-2015-BMW-X1-sDrive20d-H---56000-kms-driven-in-Vashi-VB201705171774173-ak_LWBP1335949462-1776082687_gv.webp","BMW X1 sDrive20d H - 2015","56,000 kms / Diesel","₹14,50,000"
"","BMW X1 sDrive20d H - 2015","56,000 kms / Diesel","₹14,50,000"
"","Mercedes Benz E Class 280 CDI - 2009","1,00,000 kms / Diesel","₹6,25,000"
"","Mercedes Benz E Class 280 CDI Elegance - 2009","1,00,000 kms / Diesel","₹6,25,000"
"","Mercedes Benz E Class 280 CDI Elegance - 2009","1,00,000 kms / Diesel","₹6,25,000"
"","Mercedes Benz E Class 280 CDI Elegance - 2009","1,00,000 kms / Diesel","₹6,25,000"
"","Mercedes Benz E Class 280 CDI Elegance - 2009","1,00,000 kms / Diesel","₹6,25,000"
"","BMW 5 Series 525D 3.0 - 2012","1,10,000 kms / Diesel","₹9,70,000"
"","BMW 5 Series 525d Sedan 3.0 - 2012","1,10,000 kms / Diesel","₹9,70,000"
"","BMW 5 Series 525d Sedan - 2012","1,10,000 kms / Diesel","₹9,70,000"
"","Toyota Fortuner 3.0 MT 4X4 - 2011","1,55,000 kms / Diesel","₹9,00,000"
"","Maruti Suzuki Eeco 5 STR WITH AC HTR - 2024","6,500 kms / Petrol / 1st Owner","₹6,75,000"
"","Hyundai i20 Sportz Petrol - 2021","29,500 kms / Petrol / 2nd Owner","₹6,25,000"
"","Mercedes Benz C Class 180 Classic - 1996","79,000 kms / Petrol","₹6,50,000"
"","Mahindra Thar CRDe 4x4 AC - 2015","71,000 kms / Diesel","₹6,50,000"
"","Honda Amaze 1.2 VX AT i VTEC - 2024","3,650 kms / Petrol","₹9,95,000"
"","Mahindra XUV 300 W6 Diesel - 2021","47,000 kms / Diesel / 1st Owner","₹7,49,000"
"","Lexus NX 300h Luxury - 2018","61,000 kms / Hybrid / 1st Owner","₹35,90,000"
"","Mahindra XUV500 - 2017","55,000 kms / Diesel","₹7,49,000"
"","Toyota Yaris VX CVT - 2018","67,000 kms / Petrol","₹6,95,000"
"","MG Motors Hector Plus - 2022","41,000 kms / Diesel","₹13,99,000"
"","Hyundai NEW I20 N LINE - 2022","28,950 kms / Petrol","₹11,30,000"
"","Lexus ES 300h - 2023","38,000 kms / Petrol","₹44,90,000"
"https://teja8.kuikr.com/i4/20260413/Orange-2015-BMW-X1-sDrive20d-H---56000-kms-driven-in-Ghodbunder-Road-VB201705171774173-ak_LWBP998411895-1776082895_gv.webp","BMW X1 sDrive20d H - 2015","56,000 kms / Diesel","₹14,50,000"
"https://teja8.kuikr.com/i6/20260412/2009-Mercedes-Benz-E-Class-280-CDI---100000-kms-driven-in-Hiranandani-Estate-VB201705171774173-ak_LWBP332488823-1775935632_gv.webp","Mercedes Benz E Class 280 CDI - 2009","1,00,000 kms / Diesel","₹6,25,000"
"https://teja8.kuikr.com/i6/20260412/2009-Mercedes-Benz-E-Class-280-CDI-Elegance---100000-kms-driven-in-Kharghar-VB201705171774173-ak_LWBP1484550671-1775935443_gv.webp","Mercedes Benz E Class 280 CDI Elegance - 2009","1,00,000 kms / Diesel","₹6,25,000"
"https://teja8.kuikr.com/i5/20260412/2009-Mercedes-Benz-E-Class-280-CDI-Elegance---100000-kms-driven-in-Boat-Club-Road-VB201705171774173-ak_LWBP1073841481-1775936092_gv.webp","Mercedes Benz E Class 280 CDI Elegance - 2009","1,00,000 kms / Diesel","₹6,25,000"
"https://teja8.kuikr.com/i5/20260412/2009-Mercedes-Benz-E-Class-280-CDI-Elegance---100000-kms-driven-in-Santacruz-East-VB201705171774173-ak_LWBP808423177-1775935070_gv.webp","Mercedes Benz E Class 280 CDI Elegance - 2009","1,00,000 kms / Diesel","₹6,25,000"
"https://teja8.kuikr.com/i5/20260412/2009-Mercedes-Benz-E-Class-280-CDI-Elegance---100000-kms-driven-in-CIDCO-VB201705171774173-ak_LWBP1673047303-1775935864_gv.webp","Mercedes Benz E Class 280 CDI Elegance - 2009","1,00,000 kms / Diesel","₹6,25,000"
"https://teja8.kuikr.com/i4/20260412/2012-BMW-5-Series-525D-30---110000-kms-driven-in-Ghodbunder-Road-VB201705171774173-ak_WBP654814938-1775974856_gv.webp","BMW 5 Series 525D 3.0 - 2012","1,10,000 kms / Diesel","₹9,70,000"
"https://teja8.kuikr.com/i6/20260412/White-2012-BMW-5-Series-520d-Luxury-Line---110000-kms-driven-in-Vashi-VB201705171774173-ak_LWBP447809126-1775974442_gv.webp","BMW 5 Series 525d Sedan 3.0 - 2012","1,10,000 kms / Diesel","₹9,70,000"
"https://teja8.kuikr.com/i6/20260412/White-2012-BMW-5-Series-520d-Sedan---110000-kms-driven-in-Santacruz-East-VB201705171774173-ak_LWBP651802067-1775974246_gv.webp","BMW 5 Series 525d Sedan - 2012","1,10,000 kms / Diesel","₹9,70,000"
"https://teja8.kuikr.com/i6/20260412/Black-2011-Toyota-Fortuner-30-MT-4X4---155000-kms-driven-in-Kharghar-VB201705171774173-ak_LWBP1265243699-1776002980_gv.webp","Toyota Fortuner 3.0 MT 4X4 - 2011","1,55,000 kms / Diesel","₹9,00,000"
"https://teja8.kuikr.com/i6/20260411/White-2024-Maruti-Suzuki-Eeco-5-STR-WITH-AC-HTR---6500-kms-driven-in-Jeedimetla-ak_LWBP2119944713-1775891495_gv.webp","Maruti Suzuki Eeco 5 STR WITH AC HTR - 2024","6,500 kms / Petrol / 1st Owner","₹6,75,000"
"https://teja8.kuikr.com/i5/20260410/Other-2021-Hyundai-i20-Sportz-Petrol---29500-kms-driven-in-Nerul-ak_LWBP1042369807-1775767175_gv.webp","Hyundai i20 Sportz Petrol - 2021","29,500 kms / Petrol / 2nd Owner","₹6,25,000"
"https://teja8.kuikr.com/i6/20251204/Golden-1996-Mercedes-Benz-C-Class-180-Classic---79000-kms-driven-in-Chembur-VB201705171774173-ak_WBP542714687-1764848350_gv.webp","Mercedes Benz C Class 180 Classic - 1996","79,000 kms / Petrol","₹6,50,000"
"https://teja8.kuikr.com/i5/20260408/Black-2015-Mahindra-Thar-CRDe-4x4-AC---71000-kms-driven-in-Chembur-VB201705171774173-ak_LWBP605286418-1775651814_gv.webp","Mahindra Thar CRDe 4x4 AC - 2015","71,000 kms / Diesel","₹6,50,000"
"https://teja8.kuikr.com/i5/20260203/Brown-2024-Honda-Amaze-12-VX-AT-i-VTEC---3650-kms-driven-in-Vadapalani-VB201705171774173-ak_LWBP1230267466-1770059269_gv.webp","Honda Amaze 1.2 VX AT i VTEC - 2024","3,650 kms / Petrol","₹9,95,000"
"https://teja8.kuikr.com/i5/20250416/Grey-2021-Mahindra-XUV-300-W6-Diesel---47000-kms-driven-in-Greater-Kailash-II-ak_LWBP2118318043-1744798093_gv.webp","Mahindra XUV 300 W6 Diesel - 2021","47,000 kms / Diesel / 1st Owner","₹7,49,000"
"https://teja8.kuikr.com/i5/20250213/White-2018-Lexus-NX-300h-Luxury---61000-kms-driven-in-Greater-Kailash-II-ak_LWBP1533634246-1739446504_gv.webp","Lexus NX 300h Luxury - 2018","61,000 kms / Hybrid / 1st Owner","₹35,90,000"
"https://teja8.kuikr.com/i5/20250906/2017-Mahindra-XUV500---55000-kms-driven-in-Greater-Kailash-II-VB201705171774173-ak_WBP1114133830-1757150274_gv.webp","Mahindra XUV500 - 2017","55,000 kms / Diesel","₹7,49,000"
"https://teja8.kuikr.com/i5/20260120/2018-Toyota-Yaris-VX-CVT---67000-kms-driven-in-Greater-Kailash-II-VB201705171774173-ak_LWBP1006314487-1768913267_gv.webp","Toyota Yaris VX CVT - 2018","67,000 kms / Petrol","₹6,95,000"
"https://teja8.kuikr.com/i5/20260105/2023-MG-Motors-Hector-Plus---41000-kms-driven-in-Greater-Kailash-II-VB201705171774173-ak_LWBP274537981-1767609133_gv.webp","MG Motors Hector Plus - 2022","41,000 kms / Diesel","₹13,99,000"
"https://teja8.kuikr.com/i5/20260503/Red-2022-Hyundai-NEW-I20-N-LINE---28950-kms-driven-in-Vadapalani-VB201705171774173-ak_WBP1287697621-1777748655_gv.webp","Hyundai NEW I20 N LINE - 2022","28,950 kms / Petrol","₹11,30,000"
"https://teja8.kuikr.com/i6/20260503/2023-Lexus-ES-300h---38000-kms-driven-in-Greater-Kailash-II-VB201705171774173-ak_LWBP1175432786-1777812985_gv.webp","Lexus ES 300h - 2023","38,000 kms / Petrol","₹44,90,000"
"https://teja8.kuikr.com/i5/20260407/White-2015-Maruti-Suzuki-Swift-Dzire-LXi-12-BS-IV---43000-kms-driven-in-Liberty-Garden-VB201705171774173-ak_LWBP559262905-1775539247_gv.webp","Maruti Suzuki Swift Dzire LXi 1.2 BS IV - 2015","43,000 kms / Petrol","₹3,75,000"
"https://teja8.kuikr.com/i5/20260409/Red-2010-Ford-Figo-Duratec-Petrol-Titanium-12---95600-kms-driven-in-Ajit-Singh-Nagar-ak_LWBP1661256853-1775708438_gv.webp","Ford Figo Duratec Petrol Titanium 1.2 - 2010","95,600 kms / Petrol / 1st Owner","₹1,60,000"
"https://teja8.kuikr.com/i4/20251204/Black-2013-Volkswagen-Vento-Highline-Diesel---89000-kms-driven-in-Chembur-VB201705171774173-ak_WBP2054894886-1764848709_gv.webp","Volkswagen Vento Highline Diesel - 2013","89,000 kms / Diesel","₹3,25,000"
"https://teja8.kuikr.com/i6/20260408/1996-Mercedes-Benz-E-Class---115000-kms-driven-in-Chembur-VB201705171774173-ak_LWBP573622730-1775649498_gv.webp","Mercedes Benz E Class - 1996","1,15,000 kms / Petrol","₹10,00,000"
"https://teja8.kuikr.com/i4/20251204/Brown-2013-BMW-X1-xDrive20d-xLine---88000-kms-driven-in-Chembur-VB201705171774173-ak_LWBP287169060-1764850584_gv.webp","BMW X1 xDrive20d xLine - 2013","88,000 kms / Diesel","₹7,50,000"
"https://teja8.kuikr.com/i6/20260408/1996-Mercedes-Benz-E-Class---115000-kms-driven-in-Chembur-VB201705171774173-ak_LWBP573622730-1775649498_gv.webp","Mercedes Benz E Class - 1996","1,15,000 kms / Petrol","₹10,00,000"
"","Mercedes Benz E Class 250 CDI Avantgarde - 2015","52,200 kms / Diesel","₹14,75,000"
"","Audi Q7 3.0 TDI quattro Premium - 2012","70,323 kms / Diesel","₹11,50,000"
"","Mercedes Benz E Class 200 CGI Avantgarde - 2015","75,000 kms / Petrol","₹13,25,000"
"","Mercedes Benz GL Class 350 CDI - 2010","1,02,000 kms / Diesel","₹11,25,000"
"","Maruti Suzuki Swift Dzire ZXi 1.2 BS IV - 2012","1,02,000 kms / Petrol","₹3,10,000"
"","Mercedes Benz E Class - 1996","1,15,000 kms / Petrol","₹10,00,000"
"","Skoda Superb L K TDI AT - 2019","70,000 kms / Diesel","₹21,00,000"
"","Mahindra TUV300 T8 AMT - 2017","50,000 kms / Diesel","₹7,99,000"
"","Maruti Suzuki Alto K10 VXi AMT - 2013","81,000 kms / Petrol","₹1,45,000"
"","Maruti Suzuki Ertiga ZXI Plus - 2016","70,000 kms / Petrol / 1st Owner","₹7,50,000"
"","Mercedes Benz GLA Class 200 Sport - 2018","54,000 kms / Petrol","₹17,25,000"
"","Honda City VX CVT - 2024","9,500 kms / Petrol / 1st Owner","₹14,20,000"
"","Ford Fiesta 1.6 ZXI Duratec - 2011","1,00,400 kms / Petrol / 1st Owner","₹2,20,000"
"","Tata Tigor Revotron XZ - 2018","1,34,000 kms / Petrol / 1st Owner","₹4,75,000"
"","Volkswagen Vento Highline Petrol AT - 2015","66,000 kms / Petrol","₹5,75,000"
"","Hyundai Verna Fluidic - 2017","30,340 kms / Diesel / 1st Owner","₹3,70,000"
"","Jeep Compass Limited 2.0 Diesel - 2017","31,000 kms / Diesel / 1st Owner","₹17,50,000"
"","Jeep Compass Limited 2.0 Diesel - 2017","31,000 kms / Diesel / 1st Owner","₹17,50,000"
"https://teja8.kuikr.com/i4/20251204/Silver-2015-Mercedes-Benz-E-Class-250-CDI-Avantgarde---52200-kms-driven-in-Chembur-VB201705171774173-ak_WBP936474540-1764847915_gv.webp","Mercedes Benz E Class 250 CDI Avantgarde - 2015","52,200 kms / Diesel","₹14,75,000"
"https://teja8.kuikr.com/i6/20260403/2012-Audi-Q7-30-TDI-quattro-Premium---70323-kms-driven-in-Deonar-VB201705171774173-ak_WBP718365584-1775210196_gv.webp","Audi Q7 3.0 TDI quattro Premium - 2012","70,323 kms / Diesel","₹11,50,000"
"https://teja8.kuikr.com/i4/20251204/2015-Mercedes-Benz-E-Class-200-CGI-Avantgarde---75000-kms-driven-in-Chembur-VB201705171774173-ak_LWBP1044582906-1764848220_gv.webp","Mercedes Benz E Class 200 CGI Avantgarde - 2015","75,000 kms / Petrol","₹13,25,000"
"https://teja8.kuikr.com/i6/20251203/2010-Mercedes-Benz-GL-Class-350-CDI---102000-kms-driven-in-Chembur-VB201705171774173-ak_WBP1372077716-1764758737_gv.webp","Mercedes Benz GL Class 350 CDI - 2010","1,02,000 kms / Diesel","₹11,25,000"
"https://teja8.kuikr.com/i6/20260408/White-2012-Maruti-Suzuki-Swift-Dzire-ZXi-12-BS-IV---102000-kms-driven-in-Chembur-VB201705171774173-ak_WBP724637840-1775650033_gv.webp","Maruti Suzuki Swift Dzire ZXi 1.2 BS IV - 2012","1,02,000 kms / Petrol","₹3,10,000"
"https://teja8.kuikr.com/i6/20260408/1996-Mercedes-Benz-E-Class---115000-kms-driven-in-Chembur-VB201705171774173-ak_LWBP615813260-1775649076_gv.webp","Mercedes Benz E Class - 1996","1,15,000 kms / Petrol","₹10,00,000"
"https://teja8.kuikr.com/i4/20260406/2019-Skoda-Superb-L-K-TDI-AT---70000-kms-driven-in-Gandhi-Nagar-VB201705171774173-ak_WBP551727753-1775461654_gv.webp","Skoda Superb L K TDI AT - 2019","70,000 kms / Diesel","₹21,00,000"
"https://teja8.kuikr.com/i4/20260403/2017-Mahindra-TUV300-T8-AMT---50000-kms-driven-in-Magadi-Road-VB201705171774173-ak_LWBP93195531-1775196148_gv.webp","Mahindra TUV300 T8 AMT - 2017","50,000 kms / Diesel","₹7,99,000"
"https://teja8.kuikr.com/i5/20260405/Golden-2013-Maruti-Suzuki-Alto-K10-VXi-AMT---81000-kms-driven-in-VB201705171774173-ak_LWBP2019459610-1775388182_gv.webp","Maruti Suzuki Alto K10 VXi AMT - 2013","81,000 kms / Petrol","₹1,45,000"
"https://teja8.kuikr.com/i6/20260329/Silver-2016-Maruti-Suzuki-Ertiga-ZXI-Plus---70000-kms-driven-in-Mahadevapura-ak_LWBP396886655-1774779346_gv.webp","Maruti Suzuki Ertiga ZXI Plus - 2016","70,000 kms / Petrol / 1st Owner","₹7,50,000"
"https://teja8.kuikr.com/i4/20260503/2018-Mercedes-Benz-GLA-Class-200-Sport---54000-kms-driven-in-Greater-Kailash-II-VB201705171774173-ak_LWBP968440074-1777813197_gv.webp","Mercedes Benz GLA Class 200 Sport - 2018","54,000 kms / Petrol","₹17,25,000"
"https://teja8.kuikr.com/i4/20260418/Silver-2024-Honda-City-VX-CVT---9500-kms-driven-in-Kesare-ak_LWBP1124066472-1776505680_gv.webp","Honda City VX CVT - 2024","9,500 kms / Petrol / 1st Owner","₹14,20,000"
"https://teja8.kuikr.com/i6/20260416/Black-2011-Ford-Fiesta-16-ZXI-Duratec---102000-kms-driven-in-Kazhakuttam-VB201705171774173-ak_LWBP379028486-1776341748_gv.webp","Ford Fiesta 1.6 ZXI Duratec - 2011","1,00,400 kms / Petrol / 1st Owner","₹2,20,000"
"https://teja8.kuikr.com/i5/20260306/Silver-2018-Tata-Tigor-Revotron-XZ---134000-kms-driven-in-ak_LWBP685887973-1772801700_gv.webp","Tata Tigor Revotron XZ - 2018","1,34,000 kms / Petrol / 1st Owner","₹4,75,000"
"https://teja8.kuikr.com/i5/20201115/2015-Volkswagen-Vento-Highline-Petrol-AT---66000-kms-driven-in-MG-Road-VB201705171774173-ak_LWBP1514860345-1605435555_gv.webp","Volkswagen Vento Highline Petrol AT - 2015","66,000 kms / Petrol","₹5,75,000"
"https://teja8.kuikr.com/i5/20260506/White-2017-Hyundai-Verna-Fluidic---30340-kms-driven-in-Rachamanahalli-ak_LWBP1474511848-1778040869_gv.webp","Hyundai Verna Fluidic - 2017","30,340 kms / Diesel / 1st Owner","₹3,70,000"
"https://teja8.kuikr.com/i5/20190329/2017-Jeep-Compass---31-000-kms-driven-in-VB201705171774173-ak_LWBP1287422077-1553859094_gv.webp","Jeep Compass Limited 2.0 Diesel - 2017","31,000 kms / Diesel / 1st Owner","₹17,50,000"
"https://teja8.kuikr.com/i6/20190329/2017-Jeep-Compass---31-000-kms-driven-in-Raipur-Road-VB201705171774173-ak_LWBP904011923-1553858954_gv.webp","Jeep Compass Limited 2.0 Diesel - 2017","31,000 kms / Diesel / 1st Owner","₹17,50,000"
"https://teja8.kuikr.com/i4/20260403/White-2016-Hyundai-Verna-Fluidic-New---88000-kms-driven-in-Nanganallur-VB201705171774173-ak_LWBP694549506-1775215642_gv.webp","Hyundai Verna Fluidic New - 2016","88,000 kms / Petrol","₹6,00,000"
"https://teja8.kuikr.com/i6/20260322/Beige-2016-Maruti-Suzuki-Ertiga-VXI-AT---116500-kms-driven-in-ak_LWBP1570327715-1774193210_gv.webp","Maruti Suzuki Ertiga VXI AT - 2016","1,16,500 kms / Petrol / 1st Owner","₹6,90,000"
"https://teja8.kuikr.com/i6/20260305/Golden-2012-Toyota-Etios-G---54272-kms-driven-in-Paschim-Vihar-ak_LWBP370523393-1772674667_gv.webp","Toyota Etios G - 2012","54,272 kms / Petrol / 1st Owner","₹1,75,000"
"https://teja8.kuikr.com/i4/20260304/2014-Audi-Q3-35-TDI-Premium---150000-kms-driven-in-Malviya-Nagar-VB201705171774173-ak_LWBP1539570123-1772637953_gv.webp","Audi Q3 35 TDI Premium - 2014","1,50,000 kms / Diesel","₹10,99,000"
"","Maruti Suzuki Vitara Brezza ZXI AT SHVS - 2023","76,000 kms / Petrol / 1st Owner","₹10,55,000"
"","Hyundai Verna 1.4 VTVT - 2017","59,000 kms / Petrol","₹6,25,000"
"","Chevrolet Tavera B2 7 seats BSIII - 2015","1,29,000 kms / Diesel / 3rd Owner","₹4,55,000"
"","Hyundai Verna 1.6 VTVT SX O - 2018","47,500 kms / Petrol / 1st Owner","₹6,60,000"
"","Jeep Compass Limited 2.0 Diesel - 2017","31,000 kms / Diesel / 1st Owner","₹17,50,000"
"","Jeep Compass Limited 2.0 Diesel - 2017","31,000 kms / Diesel / 1st Owner","₹17,50,000"
"","Jeep Compass Limited 2.0 Diesel - 2017","31,000 kms / Diesel / 1st Owner","₹17,50,000"
"","Jeep Compass Limited 2.0 Diesel - 2017","31,000 kms / Diesel / 1st Owner","₹17,50,000"
"","Jeep Compass Limited 2.0 Diesel - 2017","31,000 kms / Diesel / 1st Owner","₹17,50,000"
"","Jeep Compass Limited 2.0 Diesel - 2017","31,000 kms / Diesel / 1st Owner","₹17,50,000"
"","Jeep Compass Limited 2.0 Diesel - 2017","31,000 kms / Diesel / 1st Owner","₹17,50,000"
"","Hyundai Fluidic Verna 1.6 VTVT S O AT - 2013","77,000 kms / Petrol","₹6,50,000"
"","Maruti Suzuki Wagon R Duo LX - 2008","70,266 kms / LPG","₹2,20,000"
"","Maruti Suzuki Vitara Brezza VDi O - 2017","1,30,000 kms / Diesel","₹4,70,000"
"","Hyundai Santro Xing GLS - 2008","95,000 kms / Petrol","₹2,10,000"
"","Maruti Suzuki BREZZA - 2021","84,000 kms / CNG","₹6,40,000"
"","Maruti Suzuki BREZZA - 2021","84,000 kms / CNG","₹6,40,000"
"","Hyundai Xcent SX 1.2 - 2017","80,000 kms / Petrol","₹4,21,000"
"","Mahindra XUV500 - 2012","1,50,000 kms / Diesel","₹5,50,000"
"","Maruti Suzuki Wagon R 1.0 VXI OPT AMT - 2012","63,000 kms / CNG","₹1,30,000"
"https://teja8.kuikr.com/i4/20260225/Red-2023-Maruti-Suzuki-Vitara-Brezza-ZXI-AT-SHVS---76000-kms-driven-in-Bachupally-ak_LWBP1769408946-1772004489_gv.webp","Maruti Suzuki Vitara Brezza ZXI AT SHVS - 2023","76,000 kms / Petrol / 1st Owner","₹10,55,000"
"https://teja8.kuikr.com/i4/20260121/White-2017-Hyundai-Verna-14-VTVT---59000-kms-driven-in-Beed-By-Pass-Road-VB201705171774173-ak_LWBP2055000414-1768937408_gv.webp","Hyundai Verna 1.4 VTVT - 2017","59,000 kms / Petrol","₹6,25,000"
"https://teja8.kuikr.com/i5/20251208/White-2015-Chevrolet-Tavera-B2-7-seats-BSIII---129000-kms-driven-in-Hiriyur-ak_LWBP1875993130-1765171964_gv.webp","Chevrolet Tavera B2 7 seats BSIII - 2015","1,29,000 kms / Diesel / 3rd Owner","₹4,55,000"
"https://teja8.kuikr.com/i6/20251016/Brown-2018-Hyundai-Verna-16-VTVT-SX-O---47500-kms-driven-in-Kaloor-ak_LWBP1204413014-1760626223_gv.webp","Hyundai Verna 1.6 VTVT SX O - 2018","47,500 kms / Petrol / 1st Owner","₹6,60,000"
"https://teja8.kuikr.com/i5/20190329/2017-Jeep-Compass---31-000-kms-driven-in-Dharampura-VB201705171774173-ak_LWBP1646146261-1553858826_gv.webp","Jeep Compass Limited 2.0 Diesel - 2017","31,000 kms / Diesel / 1st Owner","₹17,50,000"
"https://teja8.kuikr.com/i5/20190329/2017-Jeep-Compass---31-000-kms-driven-in-Mamta-Nagar-VB201705171774173-ak_LWBP1626082594-1553858588_gv.webp","Jeep Compass Limited 2.0 Diesel - 2017","31,000 kms / Diesel / 1st Owner","₹17,50,000"
"https://teja8.kuikr.com/i4/20190329/2017-Jeep-Compass---31-000-kms-driven-in-Lalu-Ram-Nagar-VB201705171774173-ak_LWBP2060841609-1553858461_gv.webp","Jeep Compass Limited 2.0 Diesel - 2017","31,000 kms / Diesel / 1st Owner","₹17,50,000"
"https://teja9.kuikr.com/images/car/default-cars.jpeg","Jeep Compass Limited 2.0 Diesel - 2017","31,000 kms / Diesel / 1st Owner","₹17,50,000"
"https://teja8.kuikr.com/i6/20190329/2017-Jeep-Compass---31-000-kms-driven-in-Mahavirpur-VB201705171774173-ak_LWBP1904095079-1553858023_gv.webp","Jeep Compass Limited 2.0 Diesel - 2017","31,000 kms / Diesel / 1st Owner","₹17,50,000"
"https://teja8.kuikr.com/i6/20190329/Silver-2017-Jeep-Compass-Limited-20-Diesel---31-000-kms-driven-in-Shankar-Nagar-VB201705171774173-ak_LWBP2071596614-1553849189_gv.webp","Jeep Compass Limited 2.0 Diesel - 2017","31,000 kms / Diesel / 1st Owner","₹17,50,000"
"https://teja8.kuikr.com/i5/20190329/2017-Jeep-Compass---31-000-kms-driven-in-Nehru-Nagar-VB201705171774173-ak_LWBP192885451-1553858222_gv.webp","Jeep Compass Limited 2.0 Diesel - 2017","31,000 kms / Diesel / 1st Owner","₹17,50,000"
"https://teja8.kuikr.com/i6/20190328/2013-Hyundai-Fluidic-Verna-16-VTVT-S-O-AT---77000-kms-driven-in-Shivaji-Nagar-VB201705171774173-ak_LWBP1561720853-1553713340_gv.webp","Hyundai Fluidic Verna 1.6 VTVT S O AT - 2013","77,000 kms / Petrol","₹6,50,000"
"https://teja8.kuikr.com/i4/20170609/Red-2008-Maruti-Suzuki-Wagon-R-Duo-LX---70266-kms-driven-in-HSR-Layout-VB201705171774173-ak_WBP1553773617-1497011566_gv.webp","Maruti Suzuki Wagon R Duo LX - 2008","70,266 kms / LPG","₹2,20,000"
"https://teja8.kuikr.com/i5/20260601/2017-Maruti-Suzuki-Vitara-Brezza-VDi-O---130000-kms-driven-in-VB201705171774173-ak_WBP2136387373-1780323856_gv.webp","Maruti Suzuki Vitara Brezza VDi O - 2017","1,30,000 kms / Diesel","₹4,70,000"
"https://teja8.kuikr.com/i6/20260601/Red-2008-Hyundai-Santro-Xing-GLS---95000-kms-driven-in-Chuna-Bhatti-VB201705171774173-ak_LWBP730717544-1780320990_gv.webp","Hyundai Santro Xing GLS - 2008","95,000 kms / Petrol","₹2,10,000"
"https://teja9.kuikr.com/images/car/default-cars.jpeg","Maruti Suzuki BREZZA - 2021","84,000 kms / CNG","₹6,40,000"
"https://teja9.kuikr.com/images/car/default-cars.jpeg","Maruti Suzuki BREZZA - 2021","84,000 kms / CNG","₹6,40,000"
"https://teja8.kuikr.com/i4/20260601/2017-Hyundai-Xcent-SX-12---80000-kms-driven-in-Namkum-VB201705171774173-ak_WBP1965284505-1780316877_gv.webp","Hyundai Xcent SX 1.2 - 2017","80,000 kms / Petrol","₹4,21,000"
"https://teja8.kuikr.com/i5/20260601/2012-Mahindra-XUV500---150000-kms-driven-in-Mapusa-VB201705171774173-ak_LWBP637536808-1780314058_gv.webp","Mahindra XUV500 - 2012","1,50,000 kms / Diesel","₹5,50,000"
"https://teja8.kuikr.com/i4/20260601/2012-Maruti-Suzuki-Wagon-R-10-VXI-OPT-AMT---63000-kms-driven-in-Jay-Nagar-VB201705171774173-ak_LWBP275347998-1780314029_gv.webp","Maruti Suzuki Wagon R 1.0 VXI OPT AMT - 2012","63,000 kms / CNG","₹1,30,000"
"https://teja8.kuikr.com/i6/20260601/White-2007-Toyota-Corolla-H1-18J---96000-kms-driven-in-Madhapur-ak_LWBP604329782-1780311440_gv.webp","Toyota Corolla H1 1.8J - 2007","96,000 kms / Petrol / 1st Owner","₹2,00,000"
"https://teja8.kuikr.com/i6/20260601/2013-Mahindra-Bolero-DI-DX-7-Seater---85000-kms-driven-in-VB201705171774173-ak_LWBP1233309425-1780310996_gv.webp","Mahindra Bolero DI DX 7 Seater - 2013","85,000 kms / Diesel","₹3,20,000"
"https://teja8.kuikr.com/i4/20260601/Blue-2024-Maruti-Suzuki-Vitara-Brezza---43000-kms-driven-in-ak_LWBP1620738603-1780305988_gv.webp","Maruti Suzuki Vitara Brezza - 2024","43,000 kms / CNG / 1st Owner","₹15,50,000"
"","Toyota Corolla H1 1.8J - 2007","96,000 kms / Petrol / 1st Owner","₹2,00,000"
"","Skoda Rapid Ambition 1.5 TDI - 2018","63,000 kms / Diesel","₹6,25,000"
"","Mahindra Bolero Power Plus SLE - 2018","1,26,000 kms / Diesel","₹6,60,000"
"","Hyundai i10 Era - 2011","99,500 kms / Hybrid / 1st Owner","₹1,09,000"
"","Maruti Suzuki Ritz VDi ABS - 2010","2,00,000 kms / Diesel / 1st Owner","₹2,50,000"
"","Mahindra Bolero Power Plus SLE - 2018","1,26,000 kms / Diesel","₹6,60,000"
"","Toyota Innova 2.0 V - 2005","2,00,000 kms / Diesel / 2nd Owner","₹3,75,000"
"","Maruti Suzuki Wagon R VXI BS IV - 2015","70,000 kms / Petrol","₹3,50,000"
"","Mahindra Bolero SLE BS III - 2016","1,34,709 kms / Diesel / 2nd Owner","₹2,99,998"
"","Hyundai i20 Sportz Petrol - 2023","4,650 kms / Petrol","₹8,60,000"
"","Maruti Suzuki Ciaz ZDI  - 2015","81,000 kms / Diesel","₹3,60,000"
"","Maruti Suzuki Swift VXi 1.2 BS IV - 2019","4,550 kms / Petrol","₹7,10,000"
"","Toyota Corolla Altis 1.8 G - 2018","82,350 kms / Petrol / 1st Owner","₹9,50,000"
"","Tata Zest Revotron 1.2T - 2015","73,815 kms / Petrol","₹1,89,500"
"","Hyundai Grand i10 1.2 KAPPA SPORTZ O  - 2015","56,000 kms / Petrol","₹3,50,000"
"","Maruti Suzuki Eeco 7 STR - 2024","2,800 kms / Petrol","₹6,20,000"
"","Maruti Suzuki Vitara Brezza ZDI PLUS DUAL TONE - 2018","1,15,000 kms / Diesel","₹7,00,000"
"","Skoda Rapid 1.6 MPI Ambition with Alloy Wheels - 2016","49,000 kms / Petrol","₹4,00,000"
"","Hyundai Eon Magna Plus LPG - 2016","74,300 kms / LPG / 2nd Owner","₹2,10,000"
"","Maruti Suzuki Celerio VXi - 2014","1,00,000 kms / Petrol / 1st Owner","₹3,10,000"
"","Maruti Suzuki Zen - 2007","50,000 kms / Petrol","₹1,00,000"
"https://teja8.kuikr.com/i4/20260530/White-2007-Toyota-Corolla-H1-18J---96000-kms-driven-in-Madhapur-ak_LWBP442993194-1780156109_gv.webp","Toyota Corolla H1 1.8J - 2007","96,000 kms / Petrol / 1st Owner","₹2,00,000"
"https://teja8.kuikr.com/i4/20260601/Black-2018-Skoda-Rapid-Ambition-15-TDI---63000-kms-driven-in-Nizampet-Road-VB201705171774173-ak_LWBP1751758623-1780309833_gv.webp","Skoda Rapid Ambition 1.5 TDI - 2018","63,000 kms / Diesel","₹6,25,000"
"https://teja8.kuikr.com/i4/20260601/2018-Mahindra-Bolero-Power-Plus-SLE---126000-kms-driven-in-Madukkarai-VB201705171774173-ak_LWBP622999158-1780298854_gv.webp","Mahindra Bolero Power Plus SLE - 2018","1,26,000 kms / Diesel","₹6,60,000"
"https://teja8.kuikr.com/i6/20260601/White-2011-Hyundai-i10-Era---99500-kms-driven-in-Sector-63-ak_LWBP1551081815-1780301191_gv.webp","Hyundai i10 Era - 2011","99,500 kms / Hybrid / 1st Owner","₹1,09,000"
"https://teja9.kuikr.com/images/car/default-cars.jpeg","Maruti Suzuki Ritz VDi ABS - 2010","2,00,000 kms / Diesel / 1st Owner","₹2,50,000"
"https://teja8.kuikr.com/i4/20260601/2018-Mahindra-Bolero-Power-Plus-SLE---126000-kms-driven-in-Madukkarai-VB201705171774173-ak_LWBP622999158-1780298854_gv.webp","Mahindra Bolero Power Plus SLE - 2018","1,26,000 kms / Diesel","₹6,60,000"
"https://teja8.kuikr.com/i6/20260601/Golden-2005-Toyota-Innova-20-V---200000-kms-driven-in-Thirumayam-ak_LWBP1556071136-1780297613_gv.webp","Toyota Innova 2.0 V - 2005","2,00,000 kms / Diesel / 2nd Owner","₹3,75,000"
"https://teja8.kuikr.com/i6/20260601/2015-Maruti-Suzuki-Wagon-R-VXI-BS-IV---70000-kms-driven-in-Khapari-VB201705171774173-ak_LWBP28510277-1780304331_gv.webp","Maruti Suzuki Wagon R VXI BS IV - 2015","70,000 kms / Petrol","₹3,50,000"
"https://teja8.kuikr.com/i5/20260601/White-2016-Mahindra-Bolero-SLE-BS-III---134709-kms-driven-in-ak_LWBP384766942-1780295887_gv.webp","Mahindra Bolero SLE BS III - 2016","1,34,709 kms / Diesel / 2nd Owner","₹2,99,998"
"https://teja8.kuikr.com/i5/20260430/Blue-2023-Hyundai-i20-Sportz-Petrol---4650-kms-driven-in-Vadapalani-VB201705171774173-ak_LWBP1185487435-1777565032_gv.webp","Hyundai i20 Sportz Petrol - 2023","4,650 kms / Petrol","₹8,60,000"
"https://teja8.kuikr.com/i6/20260601/Brown-2015-Maruti-Suzuki-Ciaz-ZDI----81000-kms-driven-in-VB201705171774173-ak_LWBP2100740177-1780295256_gv.webp","Maruti Suzuki Ciaz ZDI  - 2015","81,000 kms / Diesel","₹3,60,000"
"https://teja8.kuikr.com/i6/20260430/Grey-2019-Maruti-Suzuki-Swift-VXi-12-BS-IV---4550-kms-driven-in-Vadapalani-VB201705171774173-ak_LWBP638855822-1777561919_gv.webp","Maruti Suzuki Swift VXi 1.2 BS IV - 2019","4,550 kms / Petrol","₹7,10,000"
"https://teja8.kuikr.com/i6/20260501/Silver-2018-Toyota-Corolla-Altis-18-G---82350-kms-driven-in-Hi-Tech-City-ak_LWBP115242941-1777603024_gv.webp","Toyota Corolla Altis 1.8 G - 2018","82,350 kms / Petrol / 1st Owner","₹9,50,000"
"https://teja8.kuikr.com/i6/20260530/Beige-2015-Tata-Zest-Revotron-12T---73815-kms-driven-in-Udhna-VB201705171774173-ak_LWBP1994950604-1780151453_gv.webp","Tata Zest Revotron 1.2T - 2015","73,815 kms / Petrol","₹1,89,500"
"https://teja9.kuikr.com/images/car/default-cars.jpeg","Hyundai Grand i10 1.2 KAPPA SPORTZ O  - 2015","56,000 kms / Petrol","₹3,50,000"
"https://teja8.kuikr.com/i6/20260601/Grey-2024-Maruti-Suzuki-Eeco-7-STR---2800-kms-driven-in-VB201705171774173-ak_LWBP1728876944-1780284961_gv.webp","Maruti Suzuki Eeco 7 STR - 2024","2,800 kms / Petrol","₹6,20,000"
"https://teja8.kuikr.com/i4/20260531/2018-Maruti-Suzuki-Vitara-Brezza-ZDI-PLUS-DUAL-TONE---115000-kms-driven-in-Nagpada-VB201705171774173-ak_LWBP1056096636-1780184632_gv.webp","Maruti Suzuki Vitara Brezza ZDI PLUS DUAL TONE - 2018","1,15,000 kms / Diesel","₹7,00,000"
"https://teja8.kuikr.com/i5/20260531/2016-Skoda-Rapid-16-MPI-Ambition-with-Alloy-Wheels---49000-kms-driven-in-Andheri-West-VB201705171774173-ak_WBP379588423-1780204584_gv.webp","Skoda Rapid 1.6 MPI Ambition with Alloy Wheels - 2016","49,000 kms / Petrol","₹4,00,000"
"https://teja8.kuikr.com/i4/20260601/White-2016-Hyundai-Eon-Magna-Plus-LPG---74300-kms-driven-in-Bodhan-ak_LWBP188323113-1780290213_gv.webp","Hyundai Eon Magna Plus LPG - 2016","74,300 kms / LPG / 2nd Owner","₹2,10,000"
"https://teja8.kuikr.com/i5/20260531/White-2014-Maruti-Suzuki-Celerio-VXi---100000-kms-driven-in-ak_LWBP1141421986-1780205415_gv.webp","Maruti Suzuki Celerio VXi - 2014","1,00,000 kms / Petrol / 1st Owner","₹3,10,000"
"https://teja8.kuikr.com/i4/20260531/Black-2007-Maruti-Suzuki-Zen---50000-kms-driven-in-Panchavati-VB201705171774173-ak_LWBP364128438-1780174314_gv.webp","Maruti Suzuki Zen - 2007","50,000 kms / Petrol","₹1,00,000"
"https://teja8.kuikr.com/i4/20260531/Silver-2011-Maruti-Suzuki-SX4-VXI-BS-IV---26000-kms-driven-in-Lokhra-Road-VB201705171774173-ak_LWBP1812913095-1780240458_gv.webp","Maruti Suzuki SX4 VXI BS IV - 2011","26,000 kms / Petrol","₹3,00,000"
"","Ford EcoSport Titanium 1.5L Ti VCT AT - 2016","1,30,000 kms / Petrol","₹5,60,000"
"","Tata Indigo eCS LX CR4 BS IV - 2015","80,000 kms / Diesel","₹1,60,000"
"","Renault Kwid RXL - 2017","44,000 kms / Petrol / 1st Owner","₹2,80,000"
"","Tata Nexon XT Plus - 2018","68,000 kms / Petrol","₹4,25,000"
"","Renault Kiger RXT 1.0 AMT - 2023","19,000 kms / Petrol / 1st Owner","₹6,99,000"
"","Chevrolet Beat Diesel - 2012","95,000 kms / Diesel","₹1,30,000"
"","Honda Civic 1.8 MT Sport - 2007","1,20,000 kms / Petrol","₹3,30,000"
"","Maruti Suzuki CELERIO X ZXI OPT AMT - 2023","16,000 kms / Petrol / 1st Owner","₹5,25,000"
"","Maruti Suzuki CELERIO X ZXI OPT AMT - 2023","16,000 kms / Petrol / 1st Owner","₹5,25,000"
"","Maruti Suzuki Swift Dzire Tour LXi - 2022","1,67,000 kms / CNG","₹4,80,000"
"","Hyundai EXTER - 2023","53,900 kms / Petrol","₹7,00,000"
"","Toyota Etios GD - 2015","2,75,000 kms / Diesel","₹2,90,000"
"","Tata Indigo CS LX TDI BS III - 2009","1,07,718 kms / Diesel / 1st Owner","₹1,75,000"
"","Hyundai Grand i10 ASTA 1.2 AT VTVT - 2015","48,278 kms / Petrol / 3rd Owner","₹3,95,000"
"","Hyundai i10 ERA 1.1 IRDE - 2011","43,000 kms / Petrol / 2nd Owner","₹2,10,000"
"","Mahindra Thar DI 2WD - 2023","25,000 kms / Diesel","₹10,99,999"
"","Tata ALTROZ XZ 1.2 - 2022","34,000 kms / Petrol / 1st Owner","₹7,00,000"
"","Renault Kiger RXZ AMT Dual Tone - 2022","9,898 kms / Petrol / 1st Owner","₹6,20,000"
"","Renault Kiger RXT 1.0 AMT - 2023","11,875 kms / Petrol / 1st Owner","₹4,88,888"
"","Hyundai Eon Sportz - 2013","48,000 kms / Petrol","₹1,50,000"
"","Maruti Suzuki Swift Dzire VDi ABS - 2016","1,23,852 kms / Diesel","₹3,80,000"
"","Skoda Rapid 1.6 TDI Elegance - 2012","1,51,000 kms / Diesel / 1st Owner","₹4,20,000"
"","Maruti Suzuki Celerio - 2020","77,175 kms / Petrol","₹2,50,000"
"https://teja9.kuikr.com/images/car/default-cars.jpeg","Ford EcoSport Titanium 1.5L Ti VCT AT - 2016","1,30,000 kms / Petrol","₹5,60,000"
"https://teja8.kuikr.com/i5/20260601/2015-Tata-Indigo-eCS-LX-CR4-BS-IV---80000-kms-driven-in-Phulwari-Sharif-VB201705171774173-ak_LWBP1261638373-1780254079_gv.webp","Tata Indigo eCS LX CR4 BS IV - 2015","80,000 kms / Diesel","₹1,60,000"
"https://teja8.kuikr.com/i6/20260530/Other-2017-Renault-Kwid-RXL---44000-kms-driven-in-ak_LWBP730126211-1780147872_gv.webp","Renault Kwid RXL - 2017","44,000 kms / Petrol / 1st Owner","₹2,80,000"
"https://teja8.kuikr.com/i6/20260530/2018-Tata-Nexon-XT-Plus---68000-kms-driven-in-Netaji-Subhash-Place-VB201705171774173-ak_LWBP1167070379-1780149059_gv.webp","Tata Nexon XT Plus - 2018","68,000 kms / Petrol","₹4,25,000"
"https://teja8.kuikr.com/i5/20260531/Black-2023-Renault-Kiger-RXT-10-AMT---19000-kms-driven-in-Rajeev-Nagar-ak_LWBP1051962448-1780202143_gv.webp","Renault Kiger RXT 1.0 AMT - 2023","19,000 kms / Petrol / 1st Owner","₹6,99,000"
"https://teja9.kuikr.com/images/car/default-cars.jpeg","Chevrolet Beat Diesel - 2012","95,000 kms / Diesel","₹1,30,000"
"https://teja8.kuikr.com/i6/20260531/Blue-2007-Honda-Civic-18-MT-Sport---120000-kms-driven-in-Mira-Road-VB201705171774173-ak_LWBP1994346344-1780236628_gv.webp","Honda Civic 1.8 MT Sport - 2007","1,20,000 kms / Petrol","₹3,30,000"
"https://teja8.kuikr.com/i4/20260531/Red-2023-Maruti-Suzuki-CELERIO-X-ZXI-OPT-AMT---16000-kms-driven-in-Dombivli-East-ak_LWBP1407046383-1780197402_gv.webp","Maruti Suzuki CELERIO X ZXI OPT AMT - 2023","16,000 kms / Petrol / 1st Owner","₹5,25,000"
"https://teja8.kuikr.com/i5/20260531/Red-2023-Maruti-Suzuki-CELERIO-X-ZXI-OPT-AMT---16000-kms-driven-in-ak_LWBP1059933793-1780197796_gv.webp","Maruti Suzuki CELERIO X ZXI OPT AMT - 2023","16,000 kms / Petrol / 1st Owner","₹5,25,000"
"https://teja8.kuikr.com/i6/20260531/White-2022-Maruti-Suzuki-Swift-Dzire-Tour-LXi---167000-kms-driven-in-Yamuna-Vihar-VB201705171774173-ak_LWBP212154509-1780231893_gv.webp","Maruti Suzuki Swift Dzire Tour LXi - 2022","1,67,000 kms / CNG","₹4,80,000"
"https://teja8.kuikr.com/i4/20260530/2023-Hyundai-EXTER---53900-kms-driven-in-VB201705171774173-ak_LWBP1557238662-1780165167_gv.webp","Hyundai EXTER - 2023","53,900 kms / Petrol","₹7,00,000"
"https://teja8.kuikr.com/i4/20260531/2015-Toyota-Etios-GD---275000-kms-driven-in-Hennur-Main-Road-VB201705171774173-ak_LWBP8739180-1780207477_gv.webp","Toyota Etios GD - 2015","2,75,000 kms / Diesel","₹2,90,000"
"https://teja8.kuikr.com/i4/20260530/Other-2009-Tata-Indigo-CS-LX-TDI-BS-III---107718-kms-driven-in-ak_LWBP545907939-1780165258_gv.webp","Tata Indigo CS LX TDI BS III - 2009","1,07,718 kms / Diesel / 1st Owner","₹1,75,000"
"https://teja8.kuikr.com/i6/20260531/White-2015-Hyundai-Grand-i10-ASTA-12-AT-VTVT---48278-kms-driven-in-Falnir-ak_LWBP1951407356-1780216240_gv.webp","Hyundai Grand i10 ASTA 1.2 AT VTVT - 2015","48,278 kms / Petrol / 3rd Owner","₹3,95,000"
"https://teja8.kuikr.com/i4/20260531/Grey-2011-Hyundai-i10-ERA-11-IRDE---43000-kms-driven-in-Borivali-West-ak_LWBP1303412187-1780227627_gv.webp","Hyundai i10 ERA 1.1 IRDE - 2011","43,000 kms / Petrol / 2nd Owner","₹2,10,000"
"https://teja8.kuikr.com/i6/20260531/Black-2023-Mahindra-Thar-DI-2WD---25000-kms-driven-in-Gaurcity-VB201705171774173-ak_LWBP1187590373-1780232952_gv.webp","Mahindra Thar DI 2WD - 2023","25,000 kms / Diesel","₹10,99,999"
"https://teja8.kuikr.com/i5/20260531/Blue-2022-Tata-ALTROZ-XZ-12---34000-kms-driven-in-Suchitra-ak_LWBP460482811-1780229424_gv.webp","Tata ALTROZ XZ 1.2 - 2022","34,000 kms / Petrol / 1st Owner","₹7,00,000"
"https://teja8.kuikr.com/i6/20260531/Blue-2022-Renault-Kiger-RXZ-AMT-Dual-Tone---9898-kms-driven-in-Thalambur-ak_LWBP1726187684-1780213895_gv.webp","Renault Kiger RXZ AMT Dual Tone - 2022","9,898 kms / Petrol / 1st Owner","₹6,20,000"
"https://teja8.kuikr.com/i4/20260531/White-2023-Renault-Kiger-RXT-10-AMT---11875-kms-driven-in-ak_LWBP737529150-1780228094_gv.webp","Renault Kiger RXT 1.0 AMT - 2023","11,875 kms / Petrol / 1st Owner","₹4,88,888"
"https://teja8.kuikr.com/i6/20260530/2013-Hyundai-Eon-Sportz---48000-kms-driven-in-Makum-VB201705171774173-ak_LWBP386835830-1780144187_gv.webp","Hyundai Eon Sportz - 2013","48,000 kms / Petrol","₹1,50,000"
"https://teja8.kuikr.com/i6/20260531/White-2016-Maruti-Suzuki-Swift-Dzire-VDi-ABS---123852-kms-driven-in-Thakurganj-VB201705171774173-ak_WBP1778560148-1780243411_gv.webp","Maruti Suzuki Swift Dzire VDi ABS - 2016","1,23,852 kms / Diesel","₹3,80,000"
"https://teja8.kuikr.com/i5/20260530/Black-2012-Skoda-Rapid-16-TDI-Elegance---151000-kms-driven-in-Horamavu-ak_LWBP1541842318-1780149973_gv.webp","Skoda Rapid 1.6 TDI Elegance - 2012","1,51,000 kms / Diesel / 1st Owner","₹4,20,000"
"https://teja8.kuikr.com/i4/20260531/2020-Maruti-Suzuki-Celerio---77175-kms-driven-in-Madipakkam-VB201705171774173-ak_LWBP1044987102-1780248564_gv.webp","Maruti Suzuki Celerio - 2020","77,175 kms / Petrol","₹2,50,000"
"https://teja8.kuikr.com/i5/20260530/2024-Maruti-Suzuki-Celerio-ZXI-OPT-AMT---34582-kms-driven-in-VB201705171774173-ak_WBP668457652-1780148855_gv.webp","Maruti Suzuki Celerio ZXI OPT AMT - 2024","34,582 kms / Petrol","₹5,20,000"
"https://teja8.kuikr.com/i4/20260530/Black-2012-Skoda-Rapid-16-TDI-Elegance---151000-kms-driven-in-ak_LWBP402819843-1780160208_gv.webp","Skoda Rapid 1.6 TDI Elegance - 2012","1,51,000 kms / Diesel / 1st Owner","₹4,20,000"
"https://teja8.kuikr.com/i5/20260530/Black-2012-Skoda-Rapid-16-TDI-Elegance---151000-kms-driven-in-Horamavu-ak_LWBP1523464555-1780160081_gv.webp","Skoda Rapid 1.6 TDI Elegance - 2012","1,51,000 kms / Diesel / 1st Owner","₹4,20,000"
"https://teja8.kuikr.com/i4/20260530/White-2007-Toyota-Corolla---96000-kms-driven-in-Madhapur-ak_LWBP1153986666-1780156432_gv.webp","Toyota Corolla - 2007","96,000 kms / Petrol / 1st Owner","₹2,00,000"
"https://teja8.kuikr.com/i4/20260601/White-2013-Mahindra-Xylo-H4-ABS-BS-IV---73980-kms-driven-in-Champasari-ak_LWBP64029849-1780287014_gv.webp","Mahindra Xylo H4 ABS BS IV - 2013","73,980 kms / Diesel / 2nd Owner","₹2,80,000"
"https://teja8.kuikr.com/i6/20260601/White-2012-Toyota-Etios-Liva-GD---85000-kms-driven-in-Vikas-Nagar-ak_LWBP1410898301-1780287395_gv.webp","Toyota Etios Liva GD - 2012","85,000 kms / Diesel / 1st Owner","₹2,15,000"
"https://teja8.kuikr.com/i6/20260530/Other-2005-Hyundai-Santro-Xing-XE---119000-kms-driven-in-Tumkur-Sira-Road-ak_LWBP409515530-1780145973_gv.webp","Hyundai Santro Xing XE - 2005","1,19,000 kms / Petrol / 3rd Owner","₹80,000"
"https://teja8.kuikr.com/i5/20260523/White-2011-Honda-City-15-S-MT---90000-kms-driven-in-Byculla-ak_LWBP328419976-1779522250_gv.webp","Honda City 1.5 S MT - 2011","90,000 kms / Petrol / 3rd Owner","₹1,89,999"
"","Toyota Etios GD - 2015","2,74,000 kms / Diesel","₹3,25,000"
"","Ford Figo Diesel EXI - 2013","94,000 kms / Diesel","₹2,75,000"
"","Maruti Suzuki Baleno ZETA 1.2 K12 AMT - 2019","58,000 kms / Petrol / 2nd Owner","₹4,25,000"
"","Maruti Suzuki Swift Dzire VDi - 2017","95,000 kms / Diesel","₹3,95,000"
"","Maruti Suzuki Ertiga ZDi - 2012","1,80,000 kms / Diesel","₹3,80,000"
"","Hyundai Elite i20 1.2 MAGNA PLUS VTVT - 2020","69,300 kms / Petrol","₹4,75,000"
"","Tata TIAGO JTP - 2020","37,000 kms / Petrol","Ask For Price"
"","Maruti Suzuki Ertiga ZDi - 2012","1,84,000 kms / Diesel","₹4,00,000"
"","Tata Safari Storme 2.2 EX 4x2 - 2016","32,000 kms / Diesel / 2nd Owner","₹6,50,000"
"","Maruti Suzuki Swift VDi - 2015","1,22,000 kms / Diesel","₹4,20,000"
"","Tata Safari Storme 2.2 EX 4x2 - 2016","32,000 kms / Diesel / 2nd Owner","₹6,50,000"
"","Hyundai i10 Magna 1.1 iRDE2 - 2016","28,000 kms / Petrol","₹3,50,000"
"","Tata Safari Storme 2.2 EX 4x2 - 2016","32,000 kms / Diesel / 2nd Owner","₹6,50,000"
"","Maruti Suzuki Wagon R LXI BS IV - 2016","1,50,000 kms / CNG","₹2,10,000"
"","Mahindra Scorpio 2.6 SLX CRDe - 2005","1,00,000 kms / Diesel","₹2,00,000"
"","Nissan MAGNITE XV Premium Turbo CVT - 2023","33,000 kms / Petrol","₹6,50,000"
"https://teja8.kuikr.com/i6/20260509/2015-Toyota-Etios-GD---274000-kms-driven-in-Hennur-Main-Road-VB201705171774173-ak_WBP62736239-1778339741_gv.webp","Toyota Etios GD - 2015","2,74,000 kms / Diesel","₹3,25,000"
"https://teja8.kuikr.com/i6/20260519/White-2013-Ford-Figo-Diesel-EXI---94000-kms-driven-in-Electronic-City-Phase-I-ak_LWBP625620875-1779175169_gv.webp","Ford Figo Diesel EXI - 2013","94,000 kms / Diesel","₹2,75,000"
"https://teja8.kuikr.com/i6/20260529/Grey-2019-Maruti-Suzuki-Baleno-ZETA-12-K12-AMT---58000-kms-driven-in-Ulhasnagar-ak_LWBP1359712649-1780010817_gv.webp","Maruti Suzuki Baleno ZETA 1.2 K12 AMT - 2019","58,000 kms / Petrol / 2nd Owner","₹4,25,000"
"https://teja8.kuikr.com/i6/20260530/White-2017-Maruti-Suzuki-Swift-Dzire-VDi---95000-kms-driven-in-Ram-Nagar-VB201705171774173-ak_LWBP1852076612-1780139411_gv.webp","Maruti Suzuki Swift Dzire VDi - 2017","95,000 kms / Diesel","₹3,95,000"
"https://teja8.kuikr.com/i6/20260530/2012-Maruti-Suzuki-Ertiga-ZDi---180000-kms-driven-in-Gandipet-VB201705171774173-ak_LWBP787914635-1780135578_gv.webp","Maruti Suzuki Ertiga ZDi - 2012","1,80,000 kms / Diesel","₹3,80,000"
"https://teja8.kuikr.com/i5/20260530/White-2020-Hyundai-Elite-i20-12-MAGNA-PLUS-VTVT---69300-kms-driven-in-Mundka-VB201705171774173-ak_LWBP599437816-1780140337_gv.webp","Hyundai Elite i20 1.2 MAGNA PLUS VTVT - 2020","69,300 kms / Petrol","₹4,75,000"
"https://teja8.kuikr.com/i4/20260530/Grey-2020-Tata-TIAGO-JTP---37000-kms-driven-in-Bhullanpur-VB201705171774173-ak_LWBP1365858390-1780139187_gv.webp","Tata TIAGO JTP - 2020","37,000 kms / Petrol","Ask For Price"
"https://teja8.kuikr.com/i5/20260527/Blue-2012-Maruti-Suzuki-Ertiga-ZDi---184000-kms-driven-in-Gandipet-VB201705171774173-ak_LWBP706559422-1779864855_gv.webp","Maruti Suzuki Ertiga ZDi - 2012","1,84,000 kms / Diesel","₹4,00,000"
"https://teja8.kuikr.com/i4/20260530/Silver-2016-Tata-Safari-Storme-22-EX-4x2---32000-kms-driven-in-Roop-Nagar-ak_LWBP265445280-1780127027_gv.webp","Tata Safari Storme 2.2 EX 4x2 - 2016","32,000 kms / Diesel / 2nd Owner","₹6,50,000"
"https://teja8.kuikr.com/i6/20260530/Grey-2015-Maruti-Suzuki-Swift-VDi---122000-kms-driven-in-Kangayam-Road-VB201705171774173-ak_LWBP1929953090-1780131881_gv.webp","Maruti Suzuki Swift VDi - 2015","1,22,000 kms / Diesel","₹4,20,000"
"https://teja8.kuikr.com/i4/20260530/Silver-2016-Tata-Safari-Storme-22-EX-4x2---32000-kms-driven-in-Roop-Nagar-ak_LWBP265445280-1780127027_gv.webp","Tata Safari Storme 2.2 EX 4x2 - 2016","32,000 kms / Diesel / 2nd Owner","₹6,50,000"
"https://teja8.kuikr.com/i4/20260530/White-2016-Hyundai-i10-Magna-11-iRDE2---28000-kms-driven-in-Gopalagowda-Extension-VB201705171774173-ak_WBP669987039-1780132393_gv.webp","Hyundai i10 Magna 1.1 iRDE2 - 2016","28,000 kms / Petrol","₹3,50,000"
"https://teja8.kuikr.com/i5/20260530/Silver-2016-Tata-Safari-Storme-22-EX-4x2---32000-kms-driven-in-Roop-Nagar-ak_LWBP531635575-1780120362_gv.webp","Tata Safari Storme 2.2 EX 4x2 - 2016","32,000 kms / Diesel / 2nd Owner","₹6,50,000"
"https://teja8.kuikr.com/i6/20260423/White-2016-Maruti-Suzuki-Wagon-R-LXI-BS-IV---150000-kms-driven-in-Faridabad-Sector-VB201705171774173-ak_WBP1939167539-1776947444_gv.webp","Maruti Suzuki Wagon R LXI BS IV - 2016","1,50,000 kms / CNG","₹2,10,000"
"https://teja8.kuikr.com/i5/20260529/Black-2005-Mahindra-Scorpio-26-SLX-CRDe---100000-kms-driven-in-Deolali-VB201705171774173-ak_LWBP1034085868-1780077190_gv.webp","Mahindra Scorpio 2.6 SLX CRDe - 2005","1,00,000 kms / Diesel","₹2,00,000"
"https://teja9.kuikr.com/images/car/default-cars.jpeg","Nissan MAGNITE XV Premium Turbo CVT - 2023","33,000 kms / Petrol","₹6,50,000"
"https://teja8.kuikr.com/i4/20260530/Golden-2006-Maruti-Suzuki-800-AC-BS-III---65000-kms-driven-in-Thuckalay-VB201705171774173-ak_LWBP804827049-1780115125_gv.webp","Maruti Suzuki 800 AC BS III - 2006","65,000 kms / Petrol","₹95,000"
"https://teja8.kuikr.com/i5/20260530/White-2016-Tata-Zest-XT-Petrol---54000-kms-driven-in-Chandivali-ak_LWBP479539354-1780106235_gv.webp","Tata Zest XT Petrol - 2016","54,000 kms / Petrol / 2nd Owner","₹2,60,000"
"https://teja8.kuikr.com/i6/20260530/Black-2018-Mahindra-XUV500---50000-kms-driven-in-Indirapuram-ak_LWBP337393412-1780081025_gv.webp","Mahindra XUV500 - 2018","50,000 kms / Diesel / 2nd Owner","₹7,50,000"
"https://teja8.kuikr.com/i5/20260512/Silver-2015-Maruti-Suzuki-Omni-E-8-STR-BS-IV---153000-kms-driven-in-Makroniya-VB201705171774173-ak_WBP2066211334-1778570249_gv.webp","Maruti Suzuki Omni E 8 STR BS IV - 2015","1,53,000 kms / LPG","₹2,60,000"
"https://teja8.kuikr.com/i5/20260521/2016-Tata-Indica-V2-eLX---180000-kms-driven-in-Koramangala-VB201705171774173-ak_LWBP516382603-1779376253_gv.webp","Tata Indica V2 eLX - 2016","1,80,000 kms / Diesel","₹85,000"
"https://teja8.kuikr.com/i5/20260529/White-2009-Toyota-Innova-25-GX-8-STR-BS-IV---130000-kms-driven-in-Race-View-Colony-ak_LWBP781853407-1780056980_gv.webp","Toyota Innova 2.5 GX 8 STR BS IV - 2009","1,30,000 kms / Diesel / 2nd Owner","₹10,99,999"
"","Mahindra SCORPIO N - 2024","16,500 kms / Diesel","₹18,50,000"
"","Renault Kwid RXT - 2016","61,000 kms / Petrol","₹1,45,000"
"","Maruti Suzuki Swift Dzire VXi 1.2 BS IV - 2012","95,000 kms / Hybrid","₹1,20,000"
"","Maruti Suzuki Ertiga Vxi CNG - 2021","96,255 kms / CNG / 1st Owner","₹7,85,000"
"","Maruti Suzuki Swift Dzire VDi - 2012","1,30,000 kms / Diesel","₹4,80,000"
"","Renault Kwid 1.0 RXT AMT - 2020","12,000 kms / Petrol","₹3,25,000"
"","Renault Kwid 1.0 RXT AMT - 2020","12,000 kms / Petrol","₹3,25,000"
"","Hyundai i20 Asta O 1.2 - 2009","1,00,000 kms / Petrol","₹1,60,000"
"","Hyundai Santro 1.1 SPORTS AMT - 2021","14,500 kms / Petrol","₹4,75,000"
"","Tata Indica - 2005","1,50,000 kms / Diesel","₹41,000"
"","Hyundai Verna 1.6 CRDI SX AT - 2012","85,000 kms / Diesel","₹3,50,000"
"","Maruti Suzuki Swift ZDi - 2017","74,900 kms / Diesel","₹4,90,000"
"","Hyundai XCENT PRIME - 2018","1,00,808 kms / CNG","₹4,00,000"
"","Tata Nexon XMA Petrol - 2020","50,000 kms / Petrol","₹6,00,000"
"","Tata Tiago XZ 1.2 REVOTRON - 2017","1,22,900 kms / CNG","₹3,25,000"
"","Hyundai Santro Xing XL eRLX Euro III - 2005","44,500 kms / Petrol","₹1,05,000"
"","Maruti Suzuki FRONX - 2023","16,000 kms / Petrol / 2nd Owner","₹10,75,000"
"","Hyundai Venue S MT 1.2 KAPPA - 2024","68 kms / Petrol","₹9,99,999"
"https://teja8.kuikr.com/i4/20260529/Black-2024-Mahindra-SCORPIO-N---16500-kms-driven-in-VB201705171774173-ak_LWBP905164866-1780057055_gv.webp","Mahindra SCORPIO N - 2024","16,500 kms / Diesel","₹18,50,000"
"https://teja8.kuikr.com/i6/20260529/Brown-2016-Renault-Kwid-RXT---61000-kms-driven-in-Hatjan-Bazar-VB201705171774173-ak_WBP703611539-1780055877_gv.webp","Renault Kwid RXT - 2016","61,000 kms / Petrol","₹1,45,000"
"https://teja8.kuikr.com/i5/20260529/2012-Maruti-Suzuki-Swift-Dzire-VXi-12-BS-IV---95000-kms-driven-in-Govardhan-VB201705171774173-ak_LWBP137243218-1780049749_gv.webp","Maruti Suzuki Swift Dzire VXi 1.2 BS IV - 2012","95,000 kms / Hybrid","₹1,20,000"
"https://teja8.kuikr.com/i6/20260529/White-2021-Maruti-Suzuki-Ertiga-Vxi-CNG---96255-kms-driven-in-ak_LWBP1096936685-1780049019_gv.webp","Maruti Suzuki Ertiga Vxi CNG - 2021","96,255 kms / CNG / 1st Owner","₹7,85,000"
"https://teja9.kuikr.com/images/car/default-cars.jpeg","Maruti Suzuki Swift Dzire VDi - 2012","1,30,000 kms / Diesel","₹4,80,000"
"https://teja8.kuikr.com/i6/20260529/2020-Renault-Kwid-10-RXT-AMT---12000-kms-driven-in-Dakshinpuri-VB201705171774173-ak_LWBP498083621-1780044563_gv.webp","Renault Kwid 1.0 RXT AMT - 2020","12,000 kms / Petrol","₹3,25,000"
"https://teja8.kuikr.com/i5/20260529/2020-Renault-Kwid-10-RXT-AMT---12000-kms-driven-in-Dakshinpuri-VB201705171774173-ak_LWBP705834304-1780044564_gv.webp","Renault Kwid 1.0 RXT AMT - 2020","12,000 kms / Petrol","₹3,25,000"
"https://teja8.kuikr.com/i5/20260529/Grey-2009-Hyundai-i20-Asta-O-12---100000-kms-driven-in-VB201705171774173-ak_LWBP271301443-1780042481_gv.webp","Hyundai i20 Asta O 1.2 - 2009","1,00,000 kms / Petrol","₹1,60,000"
"https://teja8.kuikr.com/i6/20260529/2021-Hyundai-Santro-11-SPORTS-AMT---14500-kms-driven-in-Scheme-No-54-VB201705171774173-ak_LWBP2121532301-1780040014_gv.webp","Hyundai Santro 1.1 SPORTS AMT - 2021","14,500 kms / Petrol","₹4,75,000"
"https://teja8.kuikr.com/i6/20260528/2005-Tata-Indica---150000-kms-driven-in-Sankaran-Pillai-Road-VB201705171774173-ak_LWBP3483491-1779961777_gv.webp","Tata Indica - 2005","1,50,000 kms / Diesel","₹41,000"
"https://teja8.kuikr.com/i4/20260528/2012-Hyundai-Verna-16-CRDI-SX---AT---85000-kms-driven-in-Beltola-Tiniali-Bus-Stop-VB201705171774173-ak_WBP1877787558-1779963288_gv.webp","Hyundai Verna 1.6 CRDI SX AT - 2012","85,000 kms / Diesel","₹3,50,000"
"https://teja8.kuikr.com/i4/20260428/White-2017-Maruti-Suzuki-Swift-ZDi---74900-kms-driven-in-Link-Road-VB201705171774173-ak_LWBP378004626-1777369498_gv.webp","Maruti Suzuki Swift ZDi - 2017","74,900 kms / Diesel","₹4,90,000"
"https://teja8.kuikr.com/i5/20260528/White-2018-Hyundai-XCENT-PRIME---100808-kms-driven-in-Titwala-VB201705171774173-ak_LWBP879803086-1779992114_gv.webp","Hyundai XCENT PRIME - 2018","1,00,808 kms / CNG","₹4,00,000"
"https://teja8.kuikr.com/i4/20260528/Blue-2020-Tata-Nexon-XMA-Petrol---50000-kms-driven-in-Ramamangalam-Road-VB201705171774173-ak_LWBP1510324125-1779975320_gv.webp","Tata Nexon XMA Petrol - 2020","50,000 kms / Petrol","₹6,00,000"
"https://teja8.kuikr.com/i6/20260529/Orange-2017-Tata-Tiago-XZ-12-REVOTRON---122900-kms-driven-in-Kalyan-West-VB201705171774173-ak_LWBP602422676-1780024905_gv.webp","Tata Tiago XZ 1.2 REVOTRON - 2017","1,22,900 kms / CNG","₹3,25,000"
"https://teja9.kuikr.com/images/car/default-cars.jpeg","Hyundai Santro Xing XL eRLX Euro III - 2005","44,500 kms / Petrol","₹1,05,000"
"https://teja8.kuikr.com/i5/20260528/Blue-2023-Maruti-Suzuki-FRONX---16000-kms-driven-in-Porur-ak_LWBP670395406-1779977794_gv.webp","Maruti Suzuki FRONX - 2023","16,000 kms / Petrol / 2nd Owner","₹10,75,000"
"https://teja8.kuikr.com/i6/20260529/2024-Hyundai-Venue-S-MT-12-KAPPA---68-kms-driven-in-Dwarka-Sector-10-VB201705171774173-ak_WBP1033292915-1780006454_gv.webp","Hyundai Venue S MT 1.2 KAPPA - 2024","68 kms / Petrol","₹9,99,999"
"https://teja8.kuikr.com/i4/20260512/2013-Maruti-Suzuki-Wagon-R-VXI-BS-IV---10000-kms-driven-in-Kotla-Nala-VB201705171774173-ak_LWBP1614186297-1778581498_gv.webp","Maruti Suzuki Wagon R VXI BS IV - 2013","10,000 kms / Petrol","₹2,22,000"
"https://teja8.kuikr.com/i4/20260430/Silver-2016-Audi-Q3-35-TDI-Premium-Plus-Sunroof---97000-kms-driven-in-Sector-48-VB201705171774173-ak_LWBP1080916818-1777513071_gv.webp","Audi Q3 35 TDI Premium Plus Sunroof - 2016","97,000 kms / Diesel","₹10,40,000"
"https://teja8.kuikr.com/i6/20260528/Grey-2018-Mahindra-MM-Range---8000-kms-driven-in-RR-Nagar-ak_LWBP1253368133-1779965703_gv.webp","Mahindra MM Range - 2018","8,000 kms / Diesel / 2nd Owner","₹9,75,000"
"https://teja9.kuikr.com/images/car/default-cars.jpeg","Maruti Suzuki Swift Dzire Tour VDi - 2013","70,000 kms / Diesel","₹2,50,000"
"https://teja8.kuikr.com/i6/20260528/2015-Mahindra-Scorpio-S10---133000-kms-driven-in-VB201705171774173-ak_LWBP1309076489-1779963798_gv.webp","Mahindra Scorpio S10 - 2015","1,33,000 kms / Diesel","₹8,00,000"
"","Mitsubishi Outlander 2.4 MIVEC 7 STR - 2012","67,000 kms / Petrol / 3rd Owner","₹6,51,000"
"","Hyundai Verna 1.6 CRDI SX AT - 2012","85,000 kms / Diesel","₹3,50,000"
"","Honda City V Diesel - 2015","10,000 kms / Diesel","₹4,50,000"
"","Honda City VX O MT - 2015","84,000 kms / Petrol / 2nd Owner","₹6,70,000"
"","Honda City VX O MT - 2015","84,000 kms / Petrol / 2nd Owner","₹6,70,000"
"","Maruti Suzuki Dzire VXI - 2024","6,200 kms / Petrol / 1st Owner","₹7,80,000"
"","Hyundai Grand i10 NIOS - 2023","15,800 kms / Petrol","₹7,50,000"
"","Tata Tiago Revotorq XZ - 2016","1,50,000 kms / Diesel","₹2,31,000"
"","Maruti Suzuki New Wagon R - 2018","1,73,000 kms / Petrol","₹1,70,000"
"","Tata ALTROZ XZ 1.2 - 2021","53,400 kms / Petrol / 2nd Owner","₹5,50,000"
"","Maruti Suzuki Wagon R VXI BSIII with ABS - 2023","41,500 kms / CNG / 1st Owner","₹4,85,000"
"","Honda Jazz 1.2 SV MT - 2017","62,000 kms / Petrol / 2nd Owner","₹4,25,000"
"","Hyundai Verna 1.6 VTVT EX AT - 2014","1,40,000 kms / Petrol","₹4,65,000"
"","Maruti Suzuki Vitara Brezza ZDI PLUS DUAL TONE - 2016","1,50,000 kms / Diesel","₹8,50,000"
"","Maruti Suzuki Swift VDi - 2011","1,80,000 kms / Diesel / 3rd Owner","₹3,90,000"
"","Toyota Glanza G - 2020","58,000 kms / Petrol","₹4,85,000"
"","Tata Tigor Revotron XZ - 2023","37,000 kms / CNG","₹5,50,000"
"","Maruti Suzuki Baleno Alpha 1.2 - 2024","8,900 kms / Petrol","₹8,50,000"
"","Tata Manza ELAN Safire - 2012","83,000 kms / Petrol / 3rd Owner","₹1,55,000"
"https://teja8.kuikr.com/i5/20260528/White-2012-Mitsubishi-Outlander-24-MIVEC-7-STR---67000-kms-driven-in-Talegaon-Varale-Road-ak_LWBP1977218560-1779963163_gv.webp","Mitsubishi Outlander 2.4 MIVEC 7 STR - 2012","67,000 kms / Petrol / 3rd Owner","₹6,51,000"
"https://teja8.kuikr.com/i4/20260528/2012-Hyundai-Verna-16-CRDI-SX---AT---85000-kms-driven-in-Beltola-Tiniali-Bus-Stop-VB201705171774173-ak_WBP1877787558-1779963288_gv.webp","Hyundai Verna 1.6 CRDI SX AT - 2012","85,000 kms / Diesel","₹3,50,000"
"https://teja8.kuikr.com/i6/20260528/White-2015-Honda-City-V-Diesel---10000-kms-driven-in-NH-1-VB201705171774173-ak_LWBP1587782255-1779959280_gv.webp","Honda City V Diesel - 2015","10,000 kms / Diesel","₹4,50,000"
"https://teja8.kuikr.com/i5/20260528/Brown-2015-Honda-City-VX-O-MT---84000-kms-driven-in-ak_LWBP301545580-1779952703_gv.webp","Honda City VX O MT - 2015","84,000 kms / Petrol / 2nd Owner","₹6,70,000"
"https://teja8.kuikr.com/i5/20260528/Brown-2015-Honda-City-VX-O-MT---84000-kms-driven-in-ak_LWBP301545580-1779952703_gv.webp","Honda City VX O MT - 2015","84,000 kms / Petrol / 2nd Owner","₹6,70,000"
"https://teja8.kuikr.com/i4/20260328/Other-2024-Maruti-Suzuki-Dzire-VXI---6200-kms-driven-in-ak_LWBP2088104652-1774675975_gv.webp","Maruti Suzuki Dzire VXI - 2024","6,200 kms / Petrol / 1st Owner","₹7,80,000"
"https://teja8.kuikr.com/i4/20260527/2023-Hyundai-Grand-i10-NIOS---15800-kms-driven-in-Kolathur-VB201705171774173-ak_LWBP878320452-1779903183_gv.webp","Hyundai Grand i10 NIOS - 2023","15,800 kms / Petrol","₹7,50,000"
"https://teja8.kuikr.com/i5/20260527/Brown-2016-Tata-Tiago-Revotorq-XZ---150000-kms-driven-in-Sikandra-Bodla-Rd-VB201705171774173-ak_LWBP396511189-1779890181_gv.webp","Tata Tiago Revotorq XZ - 2016","1,50,000 kms / Diesel","₹2,31,000"
"https://teja8.kuikr.com/i4/20260527/2018-Maruti-Suzuki-New-Wagon-R---173000-kms-driven-in-Panjim-VB201705171774173-ak_LWBP801500148-1779875637_gv.webp","Maruti Suzuki New Wagon R - 2018","1,73,000 kms / Petrol","₹1,70,000"
"https://teja8.kuikr.com/i4/20260527/White-2021-Tata-ALTROZ-XZ-12---53400-kms-driven-in-Singh-More-ak_LWBP2008580508-1779871943_gv.webp","Tata ALTROZ XZ 1.2 - 2021","53,400 kms / Petrol / 2nd Owner","₹5,50,000"
"https://teja8.kuikr.com/i4/20260527/Grey-2023-Maruti-Suzuki-Wagon-R-VXI-BSIII-with-ABS---41500-kms-driven-in-Kanker-Khera-ak_LWBP1772774955-1779867348_gv.webp","Maruti Suzuki Wagon R VXI BSIII with ABS - 2023","41,500 kms / CNG / 1st Owner","₹4,85,000"
"https://teja8.kuikr.com/i5/20260527/Brown-2017-Honda-Jazz-12-SV-MT---62000-kms-driven-in-ak_LWBP874447057-1779866918_gv.webp","Honda Jazz 1.2 SV MT - 2017","62,000 kms / Petrol / 2nd Owner","₹4,25,000"
"https://teja8.kuikr.com/i4/20260527/2014-Hyundai-Verna-16-VTVT-EX-AT---140000-kms-driven-in-Perungalathur-VB201705171774173-ak_LWBP1810813473-1779867263_gv.webp","Hyundai Verna 1.6 VTVT EX AT - 2014","1,40,000 kms / Petrol","₹4,65,000"
"https://teja8.kuikr.com/i5/20260527/2016-Maruti-Suzuki-Vitara-Brezza-ZDI-PLUS-DUAL-TONE---150000-kms-driven-in-Basaveshwara-Nagar-VB201705171774173-ak_WBP256573195-1779862326_gv.webp","Maruti Suzuki Vitara Brezza ZDI PLUS DUAL TONE - 2016","1,50,000 kms / Diesel","₹8,50,000"
"https://teja8.kuikr.com/i4/20260527/Silver-2011-Maruti-Suzuki-Swift-VDi---180000-kms-driven-in-Shanthi-Nagar-ak_LWBP393614409-1779861893_gv.webp","Maruti Suzuki Swift VDi - 2011","1,80,000 kms / Diesel / 3rd Owner","₹3,90,000"
"https://teja8.kuikr.com/i5/20260527/2020-Toyota-Glanza-G---58000-kms-driven-in-DLF-Phase-1-VB201705171774173-ak_WBP707592274-1779861952_gv.webp","Toyota Glanza G - 2020","58,000 kms / Petrol","₹4,85,000"
"https://teja8.kuikr.com/i4/20260526/White-2023-Tata-Tigor-Revotron-XZ---37000-kms-driven-in-Dwarka-Sector-15-VB201705171774173-ak_WBP859498443-1779801258_gv.webp","Tata Tigor Revotron XZ - 2023","37,000 kms / CNG","₹5,50,000"
"https://teja8.kuikr.com/i5/20260526/Red-2024-Maruti-Suzuki-Baleno-Alpha-12---8900-kms-driven-in-Nad-Junction-VB201705171774173-ak_LWBP1453710067-1779815087_gv.webp","Maruti Suzuki Baleno Alpha 1.2 - 2024","8,900 kms / Petrol","₹8,50,000"
"https://teja8.kuikr.com/i6/20260527/Golden-2012-Tata-Manza-ELAN-Safire---83000-kms-driven-in-Tathawade-ak_LWBP1496490245-1779830841_gv.webp","Tata Manza ELAN Safire - 2012","83,000 kms / Petrol / 3rd Owner","₹1,55,000"
"https://teja8.kuikr.com/i6/20260526/Silver-2011-Maruti-Suzuki-Wagon-R---80000-kms-driven-in-Mayur-Vihar-ak_LWBP1784720963-1779818480_gv.webp","Maruti Suzuki Wagon R - 2011","80,000 kms / Petrol / 1st Owner","₹1,25,000"
"https://teja8.kuikr.com/i5/20260526/Grey-2013-Chevrolet-Beat-LT-Petrol---60000-kms-driven-in-Jule-VB201705171774173-ak_WBP755394304-1779794093_gv.webp","Chevrolet Beat LT Petrol - 2013","60,000 kms / Petrol","₹2,00,000"
"https://teja8.kuikr.com/i4/20260526/Silver-2019-Maruti-Suzuki-Swift-VDi---135000-kms-driven-in-Shahaganj-ak_LWBP917123046-1779787743_gv.webp","Maruti Suzuki Swift VDi - 2019","1,35,000 kms / Diesel / 1st Owner","₹5,30,000"
"","Hyundai Venue S 1.2 Petrol - 2022","14,235 kms / Petrol","₹6,50,000"
"","Renault Pulse RxL Petrol - 2015","5,000 kms / LPG","Ask For Price"
"","MG Motors Astor - 2024","20,000 kms / Petrol","₹9,20,000"
"","MG Motors Astor - 2024","20,000 kms / Petrol","₹9,25,000"
"","Maruti Suzuki Ertiga VXI AT - 2021","11,000 kms / Petrol","₹10,10,000"
"","Fiat Linea Dynamic T Jet - 2014","80,000 kms / Petrol","₹1,50,000"
"","Skoda Slavia - 2024","10,600 kms / Petrol","₹18,75,000"
"","Mahindra XUV500 - 2017","91,677 kms / Diesel","₹6,50,000"
"","Maruti Suzuki Swift Dzire LDi - 2017","64,000 kms / Diesel","₹5,50,000"
"","Tata Punch Creative - 2024","38,000 kms / CNG / 1st Owner","₹7,10,000"
"","Tata Zest XT QUADRAJET 90PS - 2018","98,000 kms / Diesel","₹3,80,000"
"","Volkswagen VIRTUS - 2024","27,000 kms / Petrol / 1st Owner","₹13,00,000"
"","Tata Punch Creative - 2024","38,000 kms / CNG / 1st Owner","₹7,10,000"
"","Tata Zest XE 75 PS Diesel - 2018","98,000 kms / Diesel","₹3,82,000"
"","Renault Kiger RXT 1.0 AMT - 2021","69,000 kms / Petrol / 1st Owner","₹3,50,000"
"","Maruti Suzuki Baleno Sigma 1.2 - 2024","8,312 kms / Petrol","₹6,80,000"
"","Hyundai Creta 1.6 E VTVT - 2018","60,000 kms / Petrol / 1st Owner","₹5,80,000"
"","Hyundai Creta 1.6 E VTVT - 2018","60,000 kms / Petrol","₹5,80,000"
"","Maruti Suzuki Ciaz ALPHA 1.5 AT VTVT SHVS - 2022","40,000 kms / Petrol","₹6,75,000"
"","Honda City 1.5 V MT - 2010","1,01,040 kms / Petrol","₹2,40,000"
"","Mahindra Thar LX 4 STR Convertible Petrol AT 4WD - 2022","49,000 kms / Petrol","₹11,25,000"
"https://teja8.kuikr.com/i4/20260526/2022-Hyundai-Venue-S-12-Petrol---14235-kms-driven-in-Netaji-Subhash-Place-VB201705171774173-ak_LWBP774719283-1779787259_gv.webp","Hyundai Venue S 1.2 Petrol - 2022","14,235 kms / Petrol","₹6,50,000"
"https://teja8.kuikr.com/i4/20260526/2015-Renault-Pulse-RxL-Petrol---5000-kms-driven-in-VB201705171774173-ak_WBP2113348545-1779778513_gv.webp","Renault Pulse RxL Petrol - 2015","5,000 kms / LPG","Ask For Price"
"https://teja8.kuikr.com/i5/20260526/Grey-2024-MG-Motors-Astor---20000-kms-driven-in-Karuvalur-VB201705171774173-ak_WBP878868535-1779775113_gv.webp","MG Motors Astor - 2024","20,000 kms / Petrol","₹9,20,000"
"https://teja8.kuikr.com/i4/20260526/Grey-2024-MG-Motors-Astor---20000-kms-driven-in-Karuvalur-VB201705171774173-ak_LWBP689562948-1779767578_gv.webp","MG Motors Astor - 2024","20,000 kms / Petrol","₹9,25,000"
"https://teja9.kuikr.com/images/car/default-cars.jpeg","Maruti Suzuki Ertiga VXI AT - 2021","11,000 kms / Petrol","₹10,10,000"
"https://teja8.kuikr.com/i5/20260525/2014-Fiat-Linea-Dynamic-T-Jet---80000-kms-driven-in-Velachery-VB201705171774173-ak_WBP1947109339-1779712959_gv.webp","Fiat Linea Dynamic T Jet - 2014","80,000 kms / Petrol","₹1,50,000"
"https://teja8.kuikr.com/i5/20260525/Blue-2024-Skoda-Slavia---10600-kms-driven-in-Vijayanagar-VB201705171774173-ak_LWBP11809057-1779724985_gv.webp","Skoda Slavia - 2024","10,600 kms / Petrol","₹18,75,000"
"https://teja8.kuikr.com/i6/20260525/2017-Mahindra-XUV500---91677-kms-driven-in-Khajrana-VB201705171774173-ak_LWBP987427856-1779719974_gv.webp","Mahindra XUV500 - 2017","91,677 kms / Diesel","₹6,50,000"
"https://teja8.kuikr.com/i4/20260525/2017-Maruti-Suzuki-Swift-Dzire-LDi---64000-kms-driven-in-Muhammadpur-VB201705171774173-ak_LWBP463909926-1779726845_gv.webp","Maruti Suzuki Swift Dzire LDi - 2017","64,000 kms / Diesel","₹5,50,000"
"https://teja8.kuikr.com/i5/20260525/Grey-2024-Tata-Punch-Creative---38000-kms-driven-in-OMICRON-II-ak_LWBP645398725-1779730967_gv.webp","Tata Punch Creative - 2024","38,000 kms / CNG / 1st Owner","₹7,10,000"
"https://teja8.kuikr.com/i4/20260526/White-2018-Tata-Zest-XT-QUADRAJET-90PS---98000-kms-driven-in-Thiruvanmiyur-VB201705171774173-ak_LWBP249708579-1779766963_gv.webp","Tata Zest XT QUADRAJET 90PS - 2018","98,000 kms / Diesel","₹3,80,000"
"https://teja8.kuikr.com/i6/20260526/White-2024-Volkswagen-VIRTUS---27000-kms-driven-in-Manicktala-ak_LWBP977041535-1779768040_gv.webp","Volkswagen VIRTUS - 2024","27,000 kms / Petrol / 1st Owner","₹13,00,000"
"https://teja8.kuikr.com/i6/20260525/Grey-2024-Tata-Punch-Creative---38000-kms-driven-in-ak_LWBP850226276-1779731145_gv.webp","Tata Punch Creative - 2024","38,000 kms / CNG / 1st Owner","₹7,10,000"
"https://teja8.kuikr.com/i5/20260511/2018-Tata-Zest-XE-75-PS-Diesel---98000-kms-driven-in-Thiruvanmiyur-VB201705171774173-ak_LWBP1890139915-1778503487_gv.webp","Tata Zest XE 75 PS Diesel - 2018","98,000 kms / Diesel","₹3,82,000"
"https://teja8.kuikr.com/i6/20260525/White-2021-Renault-Kiger-RXT-10-AMT---69000-kms-driven-in-Site-4-Sahibabad-ak_LWBP1629845615-1779711937_gv.webp","Renault Kiger RXT 1.0 AMT - 2021","69,000 kms / Petrol / 1st Owner","₹3,50,000"
"https://teja8.kuikr.com/i4/20260525/2024-Maruti-Suzuki-Baleno-Sigma-12---8312-kms-driven-in-Kovilpalayam-VB201705171774173-ak_LWBP181684344-1779704943_gv.webp","Maruti Suzuki Baleno Sigma 1.2 - 2024","8,312 kms / Petrol","₹6,80,000"
"https://teja8.kuikr.com/i6/20260525/Red-2018-Hyundai-Creta-16-E---VTVT---60000-kms-driven-in-Shahdara-ak_LWBP1511596937-1779703513_gv.webp","Hyundai Creta 1.6 E VTVT - 2018","60,000 kms / Petrol / 1st Owner","₹5,80,000"
"https://teja8.kuikr.com/i6/20260525/Red-2018-Hyundai-Creta-16-E---VTVT---60000-kms-driven-in-Shahdara-ak_LWBP1529770373-1779703438_gv.webp","Hyundai Creta 1.6 E VTVT - 2018","60,000 kms / Petrol","₹5,80,000"
"https://teja9.kuikr.com/images/car/default-cars.jpeg","Maruti Suzuki Ciaz ALPHA 1.5 AT VTVT SHVS - 2022","40,000 kms / Petrol","₹6,75,000"
"https://teja8.kuikr.com/i6/20260525/Other-2010-Honda-City-15-V-MT---101040-kms-driven-in-Boduppal-ak_LWBP1327779236-1779699535_gv.webp","Honda City 1.5 V MT - 2010","1,01,040 kms / Petrol","₹2,40,000"
"https://teja8.kuikr.com/i4/20260525/Grey-2022-Mahindra-Thar-LX-4-STR-Convertible-Petrol-AT-4WD---49000-kms-driven-in-Bawana-VB201705171774173-ak_LWBP195697752-1779700571_gv.webp","Mahindra Thar LX 4 STR Convertible Petrol AT 4WD - 2022","49,000 kms / Petrol","₹11,25,000"
"https://teja8.kuikr.com/i5/20260517/Silver-2017-Maruti-Suzuki-Swift-Dzire-VXi-12-BS-IV---85000-kms-driven-in-Ashok-Vihar-VB201705171774173-ak_LWBP1099945303-1779001364_gv.webp","Maruti Suzuki Swift Dzire VXi 1.2 BS IV - 2017","85,000 kms / CNG","₹4,50,000"
"","Mahindra Thar LX 4 STR Convertible Petrol AT 4WD - 2022","49,000 kms / Petrol","₹11,25,000"
"","Honda City 1.5 V MT - 2010","1,00,056 kms / Petrol","₹2,45,000"
"","Maruti Suzuki Wagon R LXi BS III - 2010","70,000 kms / Petrol","₹1,49,000"
"","Maruti Suzuki A Star Vxi - 2010","76,000 kms / Petrol / 3rd Owner","₹1,20,000"
"","Hyundai Santro Xing GL Plus - 2011","38,000 kms / Petrol","₹1,75,000"
"","Maruti Suzuki Swift Dzire ZDI AMT - 2016","1,17,000 kms / Diesel","₹5,50,000"
"","Tata Tiago XZ 1.2 REVOTRON - 2020","49,000 kms / Petrol","₹3,90,000"
"","Toyota Innova Crysta 2.4 GX 8 STR - 2024","11,300 kms / Diesel","₹26,50,000"
"","Maruti Suzuki Eeco 7 STR - 2017","80,000 kms / Petrol","₹2,89,000"
"","Honda City 1.5 V AT Exclusive - 2023","2,564 kms / Petrol","₹50,000"
"","Hyundai i20 Magna 1.2 - 2012","45,000 kms / Petrol","₹3,00,000"
"","Tata Hexa XTA 4x2 7 STR - 2018","1,20,000 kms / Diesel","₹8,50,000"
"","Hyundai i10 Sportz 1.1 iRDE2 - 2017","17,600 kms / Petrol","₹2,60,000"
"","Datsun RediGo A - 2020","59,000 kms / Hybrid","₹2,00,000"
"","Kia Carens Premium - 2024","9,200 kms / Petrol","₹13,00,000"
"","Tata Indica Vista Quadrajet VX - 2011","1,48,000 kms / Diesel","Ask For Price"
"","Volkswagen Polo GT TDI - 2014","12,400 kms / Diesel","₹4,30,000"
"","Hyundai i10 Magna 1.2 Kappa2 - 2012","52,500 kms / Petrol","₹1,50,000"
"","Tata TIAGO JTP - 2019","1,17,000 kms / Petrol","₹3,95,000"
"","Maruti Suzuki Eeco Smiles 7 Seater Standard - 2014","1,33,000 kms / Petrol","₹3,00,000"
"","Maruti Suzuki Celerio - 2019","2,70,000 kms / Petrol","₹2,60,000"
"","Chevrolet Beat LT Diesel - 2012","84,000 kms / Diesel","₹98,000"
"","Maruti Suzuki Wagon R VXi with ABS Minor - 2024","90,000 kms / CNG","₹1,35,000"
"https://teja8.kuikr.com/i5/20260525/Grey-2022-Mahindra-Thar-LX-4-STR-Convertible-Petrol-AT-4WD---49000-kms-driven-in-Bawana-VB201705171774173-ak_WBP1527030202-1779690289_gv.webp","Mahindra Thar LX 4 STR Convertible Petrol AT 4WD - 2022","49,000 kms / Petrol","₹11,25,000"
"https://teja8.kuikr.com/i4/20260525/2010-Honda-City-15-V-MT---100056-kms-driven-in-Lb-Nagar-VB201705171774173-ak_WBP1522074633-1779698673_gv.webp","Honda City 1.5 V MT - 2010","1,00,056 kms / Petrol","₹2,45,000"
"https://teja8.kuikr.com/i6/20260525/Red-2010-Maruti-Suzuki-Wagon-R-LXi-BS-III---70000-kms-driven-in-Chikhali-VB201705171774173-ak_LWBP1488214277-1779695131_gv.webp","Maruti Suzuki Wagon R LXi BS III - 2010","70,000 kms / Petrol","₹1,49,000"
"https://teja8.kuikr.com/i4/20260515/Red-2010-Maruti-Suzuki-A-Star-Vxi---76000-kms-driven-in-ak_LWBP573721140-1778833532_gv.webp","Maruti Suzuki A Star Vxi - 2010","76,000 kms / Petrol / 3rd Owner","₹1,20,000"
"https://teja8.kuikr.com/i5/20260522/Silver-2011-Hyundai-Santro-Xing-GL-Plus---38000-kms-driven-in-Vengaivasal-VB201705171774173-ak_LWBP369885823-1779431375_gv.webp","Hyundai Santro Xing GL Plus - 2011","38,000 kms / Petrol","₹1,75,000"
"https://teja8.kuikr.com/i4/20260424/Grey-2016-Maruti-Suzuki-Swift-Dzire-ZDI-AMT---117000-kms-driven-in-Balewadi-VB201705171774173-ak_LWBP1383923409-1777032120_gv.webp","Maruti Suzuki Swift Dzire ZDI AMT - 2016","1,17,000 kms / Diesel","₹5,50,000"
"https://teja9.kuikr.com/images/car/default-cars.jpeg","Tata Tiago XZ 1.2 REVOTRON - 2020","49,000 kms / Petrol","₹3,90,000"
"https://teja8.kuikr.com/i6/20260423/Bronze-2024-Toyota-Innova-Crysta-24-GX-8-STR---11300-kms-driven-in-Alwarpet-VB201705171774173-ak_LWBP804683594-1776949112_gv.webp","Toyota Innova Crysta 2.4 GX 8 STR - 2024","11,300 kms / Diesel","₹26,50,000"
"https://teja9.kuikr.com/images/car/default-cars.jpeg","Maruti Suzuki Eeco 7 STR - 2017","80,000 kms / Petrol","₹2,89,000"
"https://teja9.kuikr.com/images/car/default-cars.jpeg","Honda City 1.5 V AT Exclusive - 2023","2,564 kms / Petrol","₹50,000"
"https://teja8.kuikr.com/i6/20260523/2012-Hyundai-i20-Magna-12---45000-kms-driven-in-VB201705171774173-ak_LWBP1611128924-1779551156_gv.webp","Hyundai i20 Magna 1.2 - 2012","45,000 kms / Petrol","₹3,00,000"
"https://teja8.kuikr.com/i6/20260523/2018-Tata-Hexa-XTA-4x2-7-STR---120000-kms-driven-in-Old-Mahabalipuram-Road-VB201705171774173-ak_WBP71968664-1779548924_gv.webp","Tata Hexa XTA 4x2 7 STR - 2018","1,20,000 kms / Diesel","₹8,50,000"
"https://teja8.kuikr.com/i4/20260523/Red-2017-Hyundai-i10-Sportz-11-iRDE2---17600-kms-driven-in-Madurdaha-VB201705171774173-ak_LWBP1594527690-1779556736_gv.webp","Hyundai i10 Sportz 1.1 iRDE2 - 2017","17,600 kms / Petrol","₹2,60,000"
"https://teja8.kuikr.com/i5/20260524/2020-Datsun-RediGo-A---59000-kms-driven-in-Mursan-Gate-Road-VB201705171774173-ak_WBP1251327295-1779562288_gv.webp","Datsun RediGo A - 2020","59,000 kms / Hybrid","₹2,00,000"
"https://teja8.kuikr.com/i4/20260524/Grey-2024-Kia-Carens-Premium---9200-kms-driven-in-Safilguda-VB201705171774173-ak_LWBP851312133-1779563336_gv.webp","Kia Carens Premium - 2024","9,200 kms / Petrol","₹13,00,000"
"https://teja8.kuikr.com/i5/20260524/Red-2011-Tata-Indica-Vista-Quadrajet-VX---148000-kms-driven-in-Nerul-VB201705171774173-ak_LWBP1010675533-1779598013_gv.webp","Tata Indica Vista Quadrajet VX - 2011","1,48,000 kms / Diesel","Ask For Price"
"https://teja8.kuikr.com/i4/20260524/2014-Volkswagen-Polo-GT-TDI---12400-kms-driven-in-Masab-Tank-VB201705171774173-ak_LWBP1132609503-1779578550_gv.webp","Volkswagen Polo GT TDI - 2014","12,400 kms / Diesel","₹4,30,000"
"https://teja8.kuikr.com/i6/20260524/Red-2012-Hyundai-i10-Magna-12-Kappa2---52500-kms-driven-in-Sola-VB201705171774173-ak_LWBP100130417-1779604970_gv.webp","Hyundai i10 Magna 1.2 Kappa2 - 2012","52,500 kms / Petrol","₹1,50,000"
"https://teja8.kuikr.com/i4/20260524/2019-Tata-TIAGO-JTP---117000-kms-driven-in-Nyay-Khand-I-VB201705171774173-ak_LWBP929675397-1779604856_gv.webp","Tata TIAGO JTP - 2019","1,17,000 kms / Petrol","₹3,95,000"
"https://teja8.kuikr.com/i4/20260524/White-2014-Maruti-Suzuki-Eeco-Smiles-7-Seater-Standard---133000-kms-driven-in-New-Jewargi-Road-VB201705171774173-ak_WBP957108231-1779603077_gv.webp","Maruti Suzuki Eeco Smiles 7 Seater Standard - 2014","1,33,000 kms / Petrol","₹3,00,000"
"https://teja8.kuikr.com/i5/20260524/2019-Maruti-Suzuki-Celerio---270000-kms-driven-in-Civil-Twp-VB201705171774173-ak_LWBP1538836744-1779628781_gv.webp","Maruti Suzuki Celerio - 2019","2,70,000 kms / Petrol","₹2,60,000"
"https://teja8.kuikr.com/i4/20260524/Blue-2012-Chevrolet-Beat-LT-Diesel---84000-kms-driven-in-Kuttur-VB201705171774173-ak_LWBP856933344-1779620754_gv.webp","Chevrolet Beat LT Diesel - 2012","84,000 kms / Diesel","₹98,000"
"https://teja8.kuikr.com/i6/20260524/2024-Maruti-Suzuki-Wagon-R-VXi-with-ABS-Minor---90000-kms-driven-in-Manesar-VB201705171774173-ak_LWBP660876596-1779622256_gv.webp","Maruti Suzuki Wagon R VXi with ABS Minor - 2024","90,000 kms / CNG","₹1,35,000"
"https://teja8.kuikr.com/i6/20260524/White-2012-Toyota-Innova-20-G1---290000-kms-driven-in-ak_LWBP1996253999-1779631782_gv.webp","Toyota Innova 2.0 G1 - 2012","290 kms / Diesel / 2nd Owner","₹3,60,000"
"https://teja8.kuikr.com/i5/20260524/Grey-2023-Hyundai-AURA-S-CNG---48000-kms-driven-in-Bhagwan-Ganj-ak_LWBP169894186-1779640595_gv.webp","Hyundai AURA S CNG - 2023","48,000 kms / CNG / 1st Owner","₹5,50,000"
"https://teja8.kuikr.com/i5/20260524/Silver-2024-Maruti-Suzuki-Swift-ZXi---10000-kms-driven-in-Mawpat-ak_LWBP642876661-1779618509_gv.webp","Maruti Suzuki Swift ZXi - 2024","10,000 kms / Petrol / 1st Owner","₹8,00,000"
"https://teja8.kuikr.com/i5/20260524/Silver-2015-Ford-Figo-Titanium-12-Ti-VCT---22200-kms-driven-in-Thoppumpady-ak_LWBP2051943502-1779597909_gv.webp","Ford Figo Titanium 1.2 Ti VCT - 2015","22,200 kms / Petrol / 1st Owner","₹5,00,000"
"https://teja8.kuikr.com/i5/20260524/Red-2012-Hyundai-i20-Sportz-Petrol---131000-kms-driven-in-Hadapsar-ak_LWBP1285024873-1779611053_gv.webp","Hyundai i20 Sportz Petrol - 2012","1,31,000 kms / Petrol / 1st Owner","₹2,60,000"
"","Hyundai i20 Sportz 1.2 - 2012","1,31,000 kms / Petrol / 1st Owner","₹2,65,000"
"","Hyundai Venue SX 1.0 O Turbo iMT - 2020","46,500 kms / Petrol","₹9,50,000"
"","Toyota Innova 2.0 G1 - 2012","290 kms / Diesel / 2nd Owner","₹3,60,000"
"","Maruti Suzuki Swift VXi - 2015","26,500 kms / Petrol / 1st Owner","₹2,50,000"
"","Maruti Suzuki Swift Dzire VXI AT - 2024","21,000 kms / Petrol","₹8,20,000"
"","Maruti Suzuki Wagon R LXI BSII - 2011","76,000 kms / Petrol / 2nd Owner","₹2,75,000"
"","Jeep Compass Sport 1.4 Petrol - 2020","37,000 kms / Petrol","₹8,50,000"
"","Volkswagen Polo COMFORTLINE 1.2L PETROL - 2011","86,000 kms / Petrol","₹1,60,000"
"","Jeep Compass Sport 1.4 Petrol - 2020","37,000 kms / Petrol","₹9,75,000"
"","Maruti Suzuki Alto 800 Lx - 2008","1,15,000 kms / Petrol","₹1,10,000"
"","Hyundai Verna 1.6 SX VTVT AT O  - 2024","3,750 kms / Petrol","₹11,75,000"
"","Tata Tiago XZA 1.2 REVOTRON - 2018","1,12,000 kms / Petrol / 3rd Owner","₹3,39,000"
"","Tata TIAGO NRG - 2023","47,000 kms / Petrol","₹6,50,000"
"","Kia Sonet HTK Plus 1.5 - 2022","52,000 kms / Petrol / 1st Owner","₹8,50,000"
"","Hyundai Grand i10 SportZ Edition - 2017","1,11,000 kms / Petrol / 1st Owner","₹3,25,000"
"","Mahindra SCORPIO N - 2024","52,980 kms / Diesel","₹19,25,000"
"","Mercedes Benz GLA Class 200 CDI Sport - 2015","150 kms / Diesel / 1st Owner","₹17,50,000"
"","Maruti Suzuki Ertiga VXI CNG Limited Edition - 2022","1,35,000 kms / CNG / 1st Owner","₹8,00,000"
"","Honda City VX CVT Petrol - 2016","38,000 kms / Petrol","₹7,30,000"
"https://teja8.kuikr.com/i5/20260524/Red-2012-Hyundai-i20-Sportz-12---131000-kms-driven-in-Hadapsar-ak_LWBP1439584585-1779611775_gv.webp","Hyundai i20 Sportz 1.2 - 2012","1,31,000 kms / Petrol / 1st Owner","₹2,65,000"
"https://teja8.kuikr.com/i4/20260524/Green-2020-Hyundai-Venue-SX-10--O--Turbo-iMT---46500-kms-driven-in-KPHB-VB201705171774173-ak_LWBP2071546356-1779632614_gv.webp","Hyundai Venue SX 1.0 O Turbo iMT - 2020","46,500 kms / Petrol","₹9,50,000"
"https://teja8.kuikr.com/i6/20260524/White-2012-Toyota-Innova-20-G1---290000-kms-driven-in-Chaksu-ak_LWBP1996253999-1779631782_gv.webp","Toyota Innova 2.0 G1 - 2012","290 kms / Diesel / 2nd Owner","₹3,60,000"
"https://teja8.kuikr.com/i5/20260524/Purple-2015-Maruti-Suzuki-Swift-VXi---26500-kms-driven-in-Kasba-ak_LWBP1975080442-1779636916_gv.webp","Maruti Suzuki Swift VXi - 2015","26,500 kms / Petrol / 1st Owner","₹2,50,000"
"https://teja8.kuikr.com/i5/20260524/2024-Maruti-Suzuki-Swift-Dzire-VXI-AT---21000-kms-driven-in-Sector-116-VB201705171774173-ak_LWBP1499708332-1779627614_gv.webp","Maruti Suzuki Swift Dzire VXI AT - 2024","21,000 kms / Petrol","₹8,20,000"
"https://teja8.kuikr.com/i6/20260523/Blue-2011-Maruti-Suzuki-Wagon-R-LXI-BSII---76000-kms-driven-in-Anna-Nagar-ak_LWBP389019746-1779547981_gv.webp","Maruti Suzuki Wagon R LXI BSII - 2011","76,000 kms / Petrol / 2nd Owner","₹2,75,000"
"https://teja9.kuikr.com/images/car/default-cars.jpeg","Jeep Compass Sport 1.4 Petrol - 2020","37,000 kms / Petrol","₹8,50,000"
"https://teja8.kuikr.com/i4/20260524/Red-2011-Volkswagen-Polo-COMFORTLINE-12L-PETROL---86000-kms-driven-in-Vasai-West-VB201705171774173-ak_LWBP1467391731-1779635690_gv.webp","Volkswagen Polo COMFORTLINE 1.2L PETROL - 2011","86,000 kms / Petrol","₹1,60,000"
"https://teja8.kuikr.com/i5/20260522/2020-Jeep-Compass-Sport-14-Petrol---37000-kms-driven-in-Sector-59-VB201705171774173-ak_LWBP271960963-1779448702_gv.webp","Jeep Compass Sport 1.4 Petrol - 2020","37,000 kms / Petrol","₹9,75,000"
"https://teja8.kuikr.com/i6/20260414/2008-Maruti-Suzuki-Alto-800-Lx---115000-kms-driven-in-Channi-Himmat-VB201705171774173-ak_LWBP1119915665-1776142019_gv.webp","Maruti Suzuki Alto 800 Lx - 2008","1,15,000 kms / Petrol","₹1,10,000"
"https://teja8.kuikr.com/i5/20260419/2024-Hyundai-Verna-16-SX-VTVT-AT--O----3750-kms-driven-in-Koramangala-VB201705171774173-ak_LWBP1972805260-1776589972_gv.webp","Hyundai Verna 1.6 SX VTVT AT O  - 2024","3,750 kms / Petrol","₹11,75,000"
"https://teja8.kuikr.com/i5/20260523/Grey-2018-Tata-Tiago-XZA-12-REVOTRON---112000-kms-driven-in-Kochi-ak_LWBP115066474-1779534705_gv.webp","Tata Tiago XZA 1.2 REVOTRON - 2018","1,12,000 kms / Petrol / 3rd Owner","₹3,39,000"
"https://teja8.kuikr.com/i6/20260523/White-2023-Tata-TIAGO-NRG---47000-kms-driven-in-Magunta-Layout-VB201705171774173-ak_LWBP1062098204-1779528525_gv.webp","Tata TIAGO NRG - 2023","47,000 kms / Petrol","₹6,50,000"
"https://teja8.kuikr.com/i5/20260523/Black-2022-Kia-Sonet-HTK-Plus-15---52000-kms-driven-in-ak_LWBP1206324679-1779520954_gv.webp","Kia Sonet HTK Plus 1.5 - 2022","52,000 kms / Petrol / 1st Owner","₹8,50,000"
"https://teja8.kuikr.com/i6/20260523/Grey-2017-Hyundai-Grand-i10-SportZ-Edition---111000-kms-driven-in-Sirsi-Road-ak_LWBP1239037205-1779524927_gv.webp","Hyundai Grand i10 SportZ Edition - 2017","1,11,000 kms / Petrol / 1st Owner","₹3,25,000"
"https://teja8.kuikr.com/i4/20260523/2024-Mahindra-SCORPIO-N---52980-kms-driven-in-Yelahanka-New-Town-VB201705171774173-ak_LWBP1513001265-1779521519_gv.webp","Mahindra SCORPIO N - 2024","52,980 kms / Diesel","₹19,25,000"
"https://teja8.kuikr.com/i4/20260523/White-2015-Mercedes-Benz-GLA-Class-200-CDI-Sport---150-kms-driven-in-ak_LWBP2059094244-1779521634_gv.webp","Mercedes Benz GLA Class 200 CDI Sport - 2015","150 kms / Diesel / 1st Owner","₹17,50,000"
"https://teja8.kuikr.com/i5/20260523/Brown-2022-Maruti-Suzuki-Ertiga-VXI-CNG-Limited-Edition---135000-kms-driven-in-Palam-Vihar-Extension-ak_LWBP1318769620-1779518990_gv.webp","Maruti Suzuki Ertiga VXI CNG Limited Edition - 2022","1,35,000 kms / CNG / 1st Owner","₹8,00,000"
"https://teja8.kuikr.com/i4/20260523/Maroon-2016-Honda-City-VX-CVT-Petrol---38000-kms-driven-in-NH-16-VB201705171774173-ak_WBP487296126-1779518721_gv.webp","Honda City VX CVT Petrol - 2016","38,000 kms / Petrol","₹7,30,000"
"https://teja8.kuikr.com/i6/20260523/2023-Maruti-Suzuki-FRONX---68000-kms-driven-in-VB201705171774173-ak_LWBP1021745231-1779518761_gv.webp","Maruti Suzuki FRONX - 2023","68,000 kms / Petrol","₹6,49,000"
"https://teja8.kuikr.com/i4/20260518/2016-Honda-City-VX-CVT-Petrol---38000-kms-driven-in-Gora-Bazar-VB201705171774173-ak_LWBP1329861723-1779127558_gv.webp","Honda City VX CVT Petrol - 2016","38,000 kms / Petrol","₹7,30,000"
"https://teja8.kuikr.com/i4/20260523/White-2018-Hyundai-Eon-Era-Plus---89900-kms-driven-in-Hathoj-ak_LWBP146716518-1779515049_gv.webp","Hyundai Eon Era Plus - 2018","89,900 kms / Petrol / 3rd Owner","₹1,48,000"
"https://teja8.kuikr.com/i5/20260312/2019-Mahindra-Scorpio-M2DI---100000-kms-driven-in-Kumhari-VB201705171774173-ak_LWBP1585524358-1773325000_gv.webp","Mahindra Scorpio M2DI - 2019","1,00,000 kms / Diesel","₹12,30,000"
"","Kia Seltos GTX Plus AT 1.5 Diesel - 2023","37,500 kms / Diesel","₹18,95,000"
"","Mahindra Scorpio Classic - 2017","1,25,000 kms / Diesel","₹7,10,000"
"","Hyundai Creta N Line - 2024","1,500 kms / Petrol","₹23,90,000"
"","Tata Nexon XZA Plus Petrol - 2023","14,000 kms / Petrol / 1st Owner","₹12,00,000"
"","Hyundai Verna 1.6 SX - 2009","1,15,000 kms / Diesel","₹1,99,000"
"","Maruti Suzuki Ertiga ZXI Plus - 2024","35,000 kms / Petrol","₹11,00,000"
"","Mahindra Bolero SLX 4WD BSIII - 2011","32,422 kms / Diesel","₹1,85,000"
"","Maruti Suzuki Baleno Zeta 1.2 - 2016","25,600 kms / Petrol","₹5,25,000"
"","Maruti Suzuki Baleno Zeta 1.2 - 2016","25,600 kms / Petrol","₹5,25,000"
"","Maruti Suzuki Eeco 5 STR WITH AC HTR - 2012","1,50,000 kms / CNG","₹2,20,000"
"","Maruti Suzuki Eeco 5 STR WITH AC HTR - 2012","1,50,000 kms / CNG","₹2,20,000"
"","Hyundai Elite i20 Sportz 1.2 - 2019","66,745 kms / Petrol / 1st Owner","₹6,50,000"
"","Mahindra Bolero Power Plus ZLX - 2018","1,38,000 kms / Diesel","₹5,00,000"
"","Mahindra XUV700 - 2022","28,070 kms / Petrol / 1st Owner","₹22,00,000"
"","Datsun Redi GO 1.0 T O  - 2019","19,500 kms / Petrol","₹3,50,000"
"","Maruti Suzuki Ciaz DELTA 1.5 SHVS VVT MT - 2017","71,000 kms / Petrol","₹4,85,000"
"","Maruti Suzuki Swift Dzire Tour LXi - 2021","1,80,000 kms / Petrol","₹4,00,000"
"","Maruti Suzuki Alto K10 VXi - 2011","64,000 kms / Petrol / 2nd Owner","₹1,40,000"
"","Hyundai Grand i10 MAGNA 1.2 VTVT - 2019","30,000 kms / Petrol","₹4,25,000"
"","Honda Amaze 1.5 S i DTEC - 2017","1,99,999 kms / Diesel / 1st Owner","₹1,50,000"
"https://teja8.kuikr.com/i5/20260422/Green-2023-Kia-Seltos-GTX-Plus-AT-15-Diesel---37500-kms-driven-in-Alwarpet-VB201705171774173-ak_WBP1138125208-1776870899_gv.webp","Kia Seltos GTX Plus AT 1.5 Diesel - 2023","37,500 kms / Diesel","₹18,95,000"
"https://teja9.kuikr.com/images/car/default-cars.jpeg","Mahindra Scorpio Classic - 2017","1,25,000 kms / Diesel","₹7,10,000"
"https://teja8.kuikr.com/i4/20260422/Grey-2024-Hyundai-Creta-N-Line---1500-kms-driven-in-Alwarpet-VB201705171774173-ak_WBP1793187141-1776873221_gv.webp","Hyundai Creta N Line - 2024","1,500 kms / Petrol","₹23,90,000"
"https://teja8.kuikr.com/i5/20260522/White-2023-Tata-Nexon-XZA-Plus-Petrol---14000-kms-driven-in-Sarjapur-ak_LWBP1374764845-1779453586_gv.webp","Tata Nexon XZA Plus Petrol - 2023","14,000 kms / Petrol / 1st Owner","₹12,00,000"
"https://teja8.kuikr.com/i5/20260522/2009-Hyundai-Verna-16-SX---115000-kms-driven-in-Ganapathy-VB201705171774173-ak_LWBP16138177-1779467157_gv.webp","Hyundai Verna 1.6 SX - 2009","1,15,000 kms / Diesel","₹1,99,000"
"https://teja9.kuikr.com/images/car/default-cars.jpeg","Maruti Suzuki Ertiga ZXI Plus - 2024","35,000 kms / Petrol","₹11,00,000"
"https://teja8.kuikr.com/i4/20260331/Beige-2011-Mahindra-Bolero-SLX-4WD-BSIII---32422-kms-driven-in-Kahilipara-VB201705171774173-ak_LWBP1382800170-1774939119_gv.webp","Mahindra Bolero SLX 4WD BSIII - 2011","32,422 kms / Diesel","₹1,85,000"
"https://teja8.kuikr.com/i5/20260522/Blue-2016-Maruti-Suzuki-Baleno-Zeta-12---25600-kms-driven-in-Katraj-VB201705171774173-ak_LWBP900193429-1779440922_gv.webp","Maruti Suzuki Baleno Zeta 1.2 - 2016","25,600 kms / Petrol","₹5,25,000"
"https://teja8.kuikr.com/i5/20260522/Blue-2016-Maruti-Suzuki-Baleno-Zeta-12---25600-kms-driven-in-Katraj-VB201705171774173-ak_LWBP900193429-1779440922_gv.webp","Maruti Suzuki Baleno Zeta 1.2 - 2016","25,600 kms / Petrol","₹5,25,000"
"https://teja8.kuikr.com/i5/20260522/2012-Maruti-Suzuki-Eeco-5-STR-WITH-AC-HTR---150000-kms-driven-in-Manor-VB201705171774173-ak_LWBP311831410-1779439458_gv.webp","Maruti Suzuki Eeco 5 STR WITH AC HTR - 2012","1,50,000 kms / CNG","₹2,20,000"
"https://teja8.kuikr.com/i4/20260522/Black-2012-Maruti-Suzuki-Eeco-5-STR-WITH-AC-HTR---150000-kms-driven-in-Manor-VB201705171774173-ak_LWBP1913285694-1779436871_gv.webp","Maruti Suzuki Eeco 5 STR WITH AC HTR - 2012","1,50,000 kms / CNG","₹2,20,000"
"https://teja8.kuikr.com/i5/20260522/Blue-2019-Hyundai-Elite-i20-Sportz-12---66745-kms-driven-in-Chembur-East-ak_LWBP18480676-1779437459_gv.webp","Hyundai Elite i20 Sportz 1.2 - 2019","66,745 kms / Petrol / 1st Owner","₹6,50,000"
"https://teja8.kuikr.com/i6/20260522/2018-Mahindra-Bolero-Power-Plus-ZLX---138000-kms-driven-in-VB201705171774173-ak_LWBP1042791233-1779436445_gv.webp","Mahindra Bolero Power Plus ZLX - 2018","1,38,000 kms / Diesel","₹5,00,000"
"https://teja9.kuikr.com/images/car/default-cars.jpeg","Mahindra XUV700 - 2022","28,070 kms / Petrol / 1st Owner","₹22,00,000"
"https://teja8.kuikr.com/i6/20260522/2019-Datsun-Redi-GO-10-T-O----19500-kms-driven-in-Veerapandi-Pirivu-VB201705171774173-ak_LWBP2030259758-1779431308_gv.webp","Datsun Redi GO 1.0 T O  - 2019","19,500 kms / Petrol","₹3,50,000"
"https://teja8.kuikr.com/i4/20260522/Blue-2017-Maruti-Suzuki-Ciaz-DELTA-15-SHVS-VVT-MT---71000-kms-driven-in-Bank-More-VB201705171774173-ak_LWBP531587988-1779398539_gv.webp","Maruti Suzuki Ciaz DELTA 1.5 SHVS VVT MT - 2017","71,000 kms / Petrol","₹4,85,000"
"https://teja8.kuikr.com/i4/20260522/2021-Maruti-Suzuki-Swift-Dzire-Tour-LXi---180000-kms-driven-in-Trichy-Madurai-Road-VB201705171774173-ak_LWBP2141038416-1779390344_gv.webp","Maruti Suzuki Swift Dzire Tour LXi - 2021","1,80,000 kms / Petrol","₹4,00,000"
"https://teja8.kuikr.com/i5/20260521/White-2011-Maruti-Suzuki-Alto-K10-VXi---64000-kms-driven-in-Pune-Satara-Road-ak_LWBP1821362032-1779387210_gv.webp","Maruti Suzuki Alto K10 VXi - 2011","64,000 kms / Petrol / 2nd Owner","₹1,40,000"
"https://teja8.kuikr.com/i4/20260521/Red-2019-Hyundai-Grand-i10-MAGNA-12-VTVT---30000-kms-driven-in-Anandapur-VB201705171774173-ak_LWBP2048997588-1779383152_gv.webp","Hyundai Grand i10 MAGNA 1.2 VTVT - 2019","30,000 kms / Petrol","₹4,25,000"
"https://teja8.kuikr.com/i4/20260521/White-2017-Honda-Amaze-15-S-i-DTEC---199999-kms-driven-in-ak_LWBP375300951-1779369473_gv.webp","Honda Amaze 1.5 S i DTEC - 2017","1,99,999 kms / Diesel / 1st Owner","₹1,50,000"
"https://teja8.kuikr.com/i5/20260522/Silver-2014-Renault-Duster-85PS-Diesel-RxL-Optional-with-Nav---75000-kms-driven-in-ak_LWBP1073464645-1779390487_gv.webp","Renault Duster 85PS Diesel RxL Optional with Nav - 2014","75,000 kms / Diesel / 2nd Owner","₹3,75,000"
"https://teja8.kuikr.com/i4/20260521/White-2020-Tata-Harrier-XT---121860-kms-driven-in-ak_LWBP1681399845-1779363716_gv.webp","Tata Harrier XT - 2020","1,21,860 kms / Diesel / 1st Owner","₹12,00,000"
"","Maruti Suzuki Ertiga Vxi - 2016","91,000 kms / CNG","₹4,99,000"
"","Hyundai Xcent Base ABS 1.1 CRDi - 2017","1,35,580 kms / Diesel","₹2,65,000"
"","Maruti Suzuki Wagon R 1.0 LXi CNG - 2016","1,65,000 kms / CNG","₹1,75,000"
"","Hyundai Xcent E Plus - 2017","87,000 kms / Petrol / 1st Owner","₹3,40,000"
"","Maruti Suzuki Dzire VDI AMT - 2016","1,60,000 kms / Diesel","₹4,55,000"
"","Renault Kwid RXE Opt - 2019","65,000 kms / CNG","₹2,45,000"
"","Honda Jazz 1.2 SV MT - 2012","1,80,000 kms / CNG","₹1,20,000"
"","Mahindra XUV300 - 2024","46,000 kms / Diesel / 1st Owner","₹9,50,000"
"","Honda City - 2008","1,00,000 kms / Petrol / 1st Owner","Ask For Price"
"","Hyundai i20 Sportz 1.4 CRDI - 2015","45,000 kms / Diesel","₹4,00,000"
"","Maruti Suzuki Alto LX - 2022","17,000 kms / Petrol / 2nd Owner","₹3,20,000"
"","Ford Figo Aspire Titanium1.5 TDCi - 2016","1,35,000 kms / Diesel","₹2,10,000"
"","Chevrolet Beat LT Petrol - 2010","50,000 kms / Petrol / 3rd Owner","₹1,20,000"
"","Maruti Suzuki Wagon R LXI BS IV - 2012","1,00,000 kms / CNG","₹1,25,000"
"","Honda City ZX GXi - 2007","1,25,000 kms / Petrol / 3rd Owner","₹1,35,000"
"","Hyundai Santro Xing XL eRLX Euro III - 2008","10,500 kms / Petrol / 2nd Owner","₹1,31,000"
"","Toyota Glanza V CVT - 2023","13,950 kms / Petrol","₹9,15,000"
"","Hyundai Alcazar Signature O  - 2021","23,000 kms / Petrol","₹17,85,000"
"","Land Rover Range Rover Sport SDV6 SE - 2020","55,000 kms / Petrol","₹78,00,000"
"","Tata Tiago XM 1.2 REVOTRON - 2020","54,000 kms / Petrol","₹3,95,000"
"","Honda City VX CVT - 2015","96,000 kms / Petrol / 2nd Owner","₹3,55,000"
"","Honda ELEVATE - 2023","24,990 kms / Petrol","₹15,00,000"
"https://teja8.kuikr.com/i5/20260521/White-2016-Maruti-Suzuki-Ertiga-Vxi---91000-kms-driven-in-Mavadi-Plot-VB201705171774173-ak_LWBP1578211603-1779362897_gv.webp","Maruti Suzuki Ertiga Vxi - 2016","91,000 kms / CNG","₹4,99,000"
"https://teja8.kuikr.com/i6/20260505/2017-Hyundai-Xcent-Base-ABS-11-CRDi---135580-kms-driven-in-Thanisandra-Main-Road-VB201705171774173-ak_LWBP1681541480-1777987337_gv.webp","Hyundai Xcent Base ABS 1.1 CRDi - 2017","1,35,580 kms / Diesel","₹2,65,000"
"https://teja8.kuikr.com/i6/20260521/2016-Maruti-Suzuki-Wagon-R-10-LXi-CNG---165000-kms-driven-in-NH-15-VB201705171774173-ak_WBP1701412358-1779362396_gv.webp","Maruti Suzuki Wagon R 1.0 LXi CNG - 2016","1,65,000 kms / CNG","₹1,75,000"
"https://teja8.kuikr.com/i4/20260521/Other-2017-Hyundai-Xcent-E-Plus---87000-kms-driven-in-Kabar-Danga-Paschim-Putiary-ak_LWBP1136338944-1779358561_gv.webp","Hyundai Xcent E Plus - 2017","87,000 kms / Petrol / 1st Owner","₹3,40,000"
"https://teja8.kuikr.com/i5/20260521/White-2016-Maruti-Suzuki-Dzire-VDI-AMT---160000-kms-driven-in-Parbatsar-VB201705171774173-ak_LWBP1617267124-1779357021_gv.webp","Maruti Suzuki Dzire VDI AMT - 2016","1,60,000 kms / Diesel","₹4,55,000"
"https://teja8.kuikr.com/i4/20260521/2019-Renault-Kwid-RXE-Opt---65000-kms-driven-in-Khekra-VB201705171774173-ak_LWBP548756142-1779348799_gv.webp","Renault Kwid RXE Opt - 2019","65,000 kms / CNG","₹2,45,000"
"https://teja8.kuikr.com/i5/20260521/2012-Honda-Jazz-12-SV-MT---180000-kms-driven-in-Ashok-Vihar-Phase-Iii-VB201705171774173-ak_LWBP661927954-1779345693_gv.webp","Honda Jazz 1.2 SV MT - 2012","1,80,000 kms / CNG","₹1,20,000"
"https://teja8.kuikr.com/i4/20260521/White-2024-Mahindra-XUV300---46000-kms-driven-in-Noida-Extension-ak_LWBP235781493-1779347031_gv.webp","Mahindra XUV300 - 2024","46,000 kms / Diesel / 1st Owner","₹9,50,000"
"https://teja8.kuikr.com/i4/20260521/Black-2008-Honda-City---100000-kms-driven-in-150-Feet-Road-ak_LWBP1627944741-1779343119_gv.webp","Honda City - 2008","1,00,000 kms / Petrol / 1st Owner","Ask For Price"
"https://teja8.kuikr.com/i4/20260521/2015-Hyundai-i20-Sportz-14-CRDI---45000-kms-driven-in-Tollygunge-VB201705171774173-ak_LWBP107592882-1779302499_gv.webp","Hyundai i20 Sportz 1.4 CRDI - 2015","45,000 kms / Diesel","₹4,00,000"
"https://teja8.kuikr.com/i5/20260521/White-2022-Maruti-Suzuki-Alto-LX---17000-kms-driven-in-Pragathi-Nagar-Kukatpally-ak_LWBP1616838850-1779326269_gv.webp","Maruti Suzuki Alto LX - 2022","17,000 kms / Petrol / 2nd Owner","₹3,20,000"
"https://teja8.kuikr.com/i5/20260521/2016-Ford-Figo-Aspire-Titanium15-TDCi---135000-kms-driven-in-JP-Nagar-VB201705171774173-ak_WBP2006969488-1779338031_gv.webp","Ford Figo Aspire Titanium1.5 TDCi - 2016","1,35,000 kms / Diesel","₹2,10,000"
"https://teja8.kuikr.com/i5/20260521/Beige-2010-Chevrolet-Beat-LT-Petrol---50000-kms-driven-in-Navsaari-ak_LWBP738892711-1779303266_gv.webp","Chevrolet Beat LT Petrol - 2010","50,000 kms / Petrol / 3rd Owner","₹1,20,000"
"https://teja8.kuikr.com/i5/20260520/2012-Maruti-Suzuki-Wagon-R-LXI-BS-IV---100000-kms-driven-in-Rohini-Sector-17-VB201705171774173-ak_LWBP1203970468-1779294531_gv.webp","Maruti Suzuki Wagon R LXI BS IV - 2012","1,00,000 kms / CNG","₹1,25,000"
"https://teja8.kuikr.com/i5/20260521/White-2007-Honda-City-ZX-GXi---125000-kms-driven-in-Adoor-ak_LWBP2074468891-1779336394_gv.webp","Honda City ZX GXi - 2007","1,25,000 kms / Petrol / 3rd Owner","₹1,35,000"
"https://teja8.kuikr.com/i5/20260326/Blue-2008-Hyundai-Santro-Xing-XL-eRLX-Euro-III---10500-kms-driven-in-ak_LWBP1861330282-1774542643_gv.webp","Hyundai Santro Xing XL eRLX Euro III - 2008","10,500 kms / Petrol / 2nd Owner","₹1,31,000"
"https://teja8.kuikr.com/i6/20260419/Grey-2023-Toyota-Glanza-V-CVT---13950-kms-driven-in-Vadapalani-VB201705171774173-ak_WBP680457551-1776537812_gv.webp","Toyota Glanza V CVT - 2023","13,950 kms / Petrol","₹9,15,000"
"https://teja8.kuikr.com/i6/20260418/Brown-2021-Hyundai-Alcazar-Signature--O----23000-kms-driven-in-Vadapalani-VB201705171774173-ak_WBP1939915757-1776459182_gv.webp","Hyundai Alcazar Signature O  - 2021","23,000 kms / Petrol","₹17,85,000"
"https://teja8.kuikr.com/i5/20260416/Black-2020-Land-Rover-Range-Rover-Sport-SDV6-SE---55000-kms-driven-in-Vadapalani-VB201705171774173-ak_WBP641313973-1776345506_gv.webp","Land Rover Range Rover Sport SDV6 SE - 2020","55,000 kms / Petrol","₹78,00,000"
"https://teja8.kuikr.com/i4/20260415/2020-Tata-Tiago-XM-12-REVOTRON---54000-kms-driven-in-Baguiati-VB201705171774173-ak_LWBP2006213418-1776246672_gv.webp","Tata Tiago XM 1.2 REVOTRON - 2020","54,000 kms / Petrol","₹3,95,000"
"https://teja8.kuikr.com/i4/20260420/White-2015-Honda-City-VX-CVT---96000-kms-driven-in-ak_LWBP1190242209-1776662288_gv.webp","Honda City VX CVT - 2015","96,000 kms / Petrol / 2nd Owner","₹3,55,000"
"https://teja8.kuikr.com/i6/20260220/White-2023-Honda-ELEVATE---24990-kms-driven-in-Vadapalani-VB201705171774173-ak_LWBP254836544-1771606392_gv.webp","Honda ELEVATE - 2023","24,990 kms / Petrol","₹15,00,000"
"https://teja8.kuikr.com/i4/20260520/2018-Hyundai-Xcent-E-Plus-CRDi---90000-kms-driven-in-MP-Nagar-VB201705171774173-ak_LWBP1118969811-1779272814_gv.webp","Hyundai Xcent E Plus CRDi - 2018","90,000 kms / Diesel","₹4,25,000"
"","Maruti Suzuki S PRESSO - 2022","1,65,000 kms / CNG","₹3,65,000"
"","MG Motors Hector Smart 1.5 DCT Petrol - 2019","50,000 kms / Petrol / 3rd Owner","₹8,00,000"
"","Hyundai Creta 1.6 SX PLUS AUTO PETROL - 2023","7,500 kms / Petrol","₹18,95,000"
"","Mahindra Marazzo M2 7 STR - 2020","90,000 kms / Diesel","₹9,10,000"
"","Mahindra XUV300 - 2024","7,200 kms / Petrol","₹8,40,000"
"","Kia Seltos HTK 1.5 - 2020","65,000 kms / Petrol","₹9,00,000"
"","Maruti Suzuki Ertiga VDI SHVS LIMITED EDITION - 2016","92,000 kms / Hybrid","₹5,50,000"
"","Mahindra Thar LX 4 STR Convertible Petrol AT 4WD - 2022","6,000 kms / Petrol","₹16,25,000"
"","Maruti Suzuki Swift Dzire VXi - 2017","1,28,000 kms / Petrol / 1st Owner","₹3,80,000"
"","Chevrolet Beat LT Diesel - 2012","70,000 kms / Diesel / 1st Owner","₹1,30,000"
"","Maruti Suzuki Alto Std BS IV - 2012","1,40,000 kms / Petrol","₹90,000"
"","Hyundai Santro Xing GL CNG - 2012","75,000 kms / CNG","₹99,000"
"","Maruti Suzuki Eeco 5 STR WITH AC HTR - 2019","18,000 kms / Petrol","₹4,30,000"
"","Maruti Suzuki Swift Dzire Tour VDi - 2015","75,000 kms / Diesel","₹2,70,000"
"","Mahindra Maxx - 2013","1,80,000 kms / Diesel","₹85,000"
"","Maruti Suzuki Swift Dzire Tour VDi - 2021","1,85,000 kms / CNG","₹5,30,000"
"","Tata Nexon XM 1.5 - 2023","34,500 kms / Petrol","₹7,50,000"
"","Hyundai Venue S 1.2 Petrol - 2020","21,000 kms / Petrol / 1st Owner","₹6,30,000"
"","Mercedes Benz E Class 200 CGI - 2011","1,40,000 kms / Petrol","₹6,75,000"
"","Maruti Suzuki Alto LXi BS III - 2010","1,35,000 kms / CNG","₹1,40,000"
"","Maruti Suzuki Swift Dzire Tour VDi - 2021","1,85,000 kms / CNG","₹5,30,000"
"","Hyundai Elite i20 Asta 1.2 - 2016","59,000 kms / Petrol","₹7,00,000"
"","Maruti Suzuki Wagon R - 2009","1,10,000 kms / Petrol / 2nd Owner","₹1,10,000"
"https://teja8.kuikr.com/i5/20260520/2022-Maruti-Suzuki-S-PRESSO---165000-kms-driven-in-Kharadi-Bypass-Road-VB201705171774173-ak_LWBP1723013275-1779275750_gv.webp","Maruti Suzuki S PRESSO - 2022","1,65,000 kms / CNG","₹3,65,000"
"https://teja8.kuikr.com/i6/20260321/Grey-2019-MG-Motors-Hector-Smart-15-DCT-Petrol---50000-kms-driven-in-Kulad-ak_LWBP2033828942-1774072373_gv.webp","MG Motors Hector Smart 1.5 DCT Petrol - 2019","50,000 kms / Petrol / 3rd Owner","₹8,00,000"
"https://teja8.kuikr.com/i4/20260415/Black-2023-Hyundai-Creta-16-SX-PLUS-AUTO-PETROL---7500-kms-driven-in-Vadapalani-VB201705171774173-ak_WBP1535700420-1776271698_gv.webp","Hyundai Creta 1.6 SX PLUS AUTO PETROL - 2023","7,500 kms / Petrol","₹18,95,000"
"https://teja8.kuikr.com/i6/20260319/White-2020-Mahindra-Marazzo-M2-7-STR---90000-kms-driven-in-Noida-Greater-Noida-Expressway-VB201705171774173-ak_WBP1437897959-1773944275_gv.webp","Mahindra Marazzo M2 7 STR - 2020","90,000 kms / Diesel","₹9,10,000"
"https://teja8.kuikr.com/i5/20260318/Black-2024-Mahindra-XUV300---7200-kms-driven-in-Haridwar-Road-VB201705171774173-ak_LWBP370480153-1773832438_gv.webp","Mahindra XUV300 - 2024","7,200 kms / Petrol","₹8,40,000"
"https://teja8.kuikr.com/i6/20260315/Blue-2020-Kia-Seltos-HTK-15---65000-kms-driven-in-Thriveni-Nagar-VB201705171774173-ak_LWBP819309725-1773592730_gv.webp","Kia Seltos HTK 1.5 - 2020","65,000 kms / Petrol","₹9,00,000"
"https://teja8.kuikr.com/i5/20260413/2016-Maruti-Suzuki-Ertiga-VDI-SHVS-LIMITED-EDITION---92000-kms-driven-in-Bhawanipur-VB201705171774173-ak_LWBP34624066-1776080361_gv.webp","Maruti Suzuki Ertiga VDI SHVS LIMITED EDITION - 2016","92,000 kms / Hybrid","₹5,50,000"
"https://teja8.kuikr.com/i6/20260414/Blue-2022-Mahindra-Thar-LX-4-STR-Convertible-Petrol-AT-4WD---6000-kms-driven-in-Vadapalani-VB201705171774173-ak_WBP1845797876-1776111238_gv.webp","Mahindra Thar LX 4 STR Convertible Petrol AT 4WD - 2022","6,000 kms / Petrol","₹16,25,000"
"https://teja8.kuikr.com/i4/20260520/White-2017-Maruti-Suzuki-Swift-Dzire-VXi---128000-kms-driven-in-Barpathar-ak_LWBP1006066149-1779267220_gv.webp","Maruti Suzuki Swift Dzire VXi - 2017","1,28,000 kms / Petrol / 1st Owner","₹3,80,000"
"https://teja8.kuikr.com/i5/20260520/White-2012-Chevrolet-Beat-LT-Diesel---70000-kms-driven-in-Ramgarhmode-ak_LWBP690641698-1779262582_gv.webp","Chevrolet Beat LT Diesel - 2012","70,000 kms / Diesel / 1st Owner","₹1,30,000"
"https://teja8.kuikr.com/i5/20260519/2012-Maruti-Suzuki-Alto-Std-BS-IV---140000-kms-driven-in-VB201705171774173-ak_WBP1438936144-1779204744_gv.webp","Maruti Suzuki Alto Std BS IV - 2012","1,40,000 kms / Petrol","₹90,000"
"https://teja8.kuikr.com/i4/20260519/2012-Hyundai-Santro-Xing-GL-CNG---75000-kms-driven-in-Shahdara-VB201705171774173-ak_LWBP239585604-1779204851_gv.webp","Hyundai Santro Xing GL CNG - 2012","75,000 kms / CNG","₹99,000"
"https://teja8.kuikr.com/i6/20260519/2019-Maruti-Suzuki-Eeco-5-STR-WITH-AC-HTR---18000-kms-driven-in-G-E-Road-VB201705171774173-ak_LWBP2116562615-1779194948_gv.webp","Maruti Suzuki Eeco 5 STR WITH AC HTR - 2019","18,000 kms / Petrol","₹4,30,000"
"https://teja8.kuikr.com/i4/20260519/2015-Maruti-Suzuki-Swift-Dzire-Tour-VDi---75000-kms-driven-in-Ram-Nagar-VB201705171774173-ak_LWBP1848953988-1779209586_gv.webp","Maruti Suzuki Swift Dzire Tour VDi - 2015","75,000 kms / Diesel","₹2,70,000"
"https://teja9.kuikr.com/images/car/default-cars.jpeg","Mahindra Maxx - 2013","1,80,000 kms / Diesel","₹85,000"
"https://teja8.kuikr.com/i5/20260520/2021-Maruti-Suzuki-Swift-Dzire-Tour-VDi---185000-kms-driven-in-Ambazari-VB201705171774173-ak_WBP1115488156-1779244662_gv.webp","Maruti Suzuki Swift Dzire Tour VDi - 2021","1,85,000 kms / CNG","₹5,30,000"
"https://teja8.kuikr.com/i5/20260519/2023-Tata-Nexon-XM-15---34500-kms-driven-in-Sector-37c-VB201705171774173-ak_LWBP1740652273-1779208044_gv.webp","Tata Nexon XM 1.5 - 2023","34,500 kms / Petrol","₹7,50,000"
"https://teja8.kuikr.com/i6/20260520/White-2020-Hyundai-Venue-S-12-Petrol---21000-kms-driven-in-Bangalore-Bazaar-ak_LWBP1986014291-1779243766_gv.webp","Hyundai Venue S 1.2 Petrol - 2020","21,000 kms / Petrol / 1st Owner","₹6,30,000"
"https://teja8.kuikr.com/i4/20260520/2011-Mercedes-Benz-E-Class-200-CGI---140000-kms-driven-in-Sigra-VB201705171774173-ak_LWBP1395448692-1779219971_gv.webp","Mercedes Benz E Class 200 CGI - 2011","1,40,000 kms / Petrol","₹6,75,000"
"https://teja8.kuikr.com/i5/20260519/2010-Maruti-Suzuki-Alto-LXi-BS-III---135000-kms-driven-in-Vidyanagar-VB201705171774173-ak_LWBP408496378-1779195384_gv.webp","Maruti Suzuki Alto LXi BS III - 2010","1,35,000 kms / CNG","₹1,40,000"
"https://teja8.kuikr.com/i5/20260520/2021-Maruti-Suzuki-Swift-Dzire-Tour-VDi---185000-kms-driven-in-Ambazari-VB201705171774173-ak_WBP1115488156-1779244662_gv.webp","Maruti Suzuki Swift Dzire Tour VDi - 2021","1,85,000 kms / CNG","₹5,30,000"
"https://teja8.kuikr.com/i5/20260519/Red-2016-Hyundai-Elite-i20-Asta-12---59000-kms-driven-in-Puppalaguda-VB201705171774173-ak_LWBP2126008144-1779188587_gv.webp","Hyundai Elite i20 Asta 1.2 - 2016","59,000 kms / Petrol","₹7,00,000"
"","Renault Kiger RXT 1.0 AMT - 2021","22,686 kms / Petrol / 1st Owner","₹4,99,000"
"","Maruti Suzuki Ertiga ZXI Plus - 2022","32,000 kms / Petrol","₹12,00,000"
"","Tata Hexa XM 4x2 7 STR - 2017","68,000 kms / Diesel / 2nd Owner","₹6,50,000"
"","Hyundai Eon Sportz - 2018","48,000 kms / Petrol","₹2,30,000"
"","Hyundai Xcent 1.2 Kappa AT S Option - 2014","52,000 kms / Petrol","₹3,50,000"
"","Hyundai Alcazar Signature O  - 2022","1,62,879 kms / Diesel","₹13,40,000"
"","Hyundai Getz GLE - 2007","86,000 kms / Petrol / 3rd Owner","₹1,00,000"
"","Honda City 1.5 V AT Sunroof - 2013","85,000 kms / CNG","₹2,90,000"
"","Maruti Suzuki Wagon R LXI CNG - 2024","22,000 kms / CNG / 1st Owner","₹6,00,000"
"","Honda WR V - 2019","22,000 kms / Petrol","₹6,30,000"
"","Maruti Suzuki Baleno Zeta 1.2 - 2018","1,15,000 kms / Petrol / 1st Owner","₹6,95,000"
"","Maruti Suzuki Wagon R 1.0 Lxi ABS - 2009","70,000 kms / Petrol","₹1,25,000"
"","Tata Nano LX SE - 2010","28,000 kms / Petrol","₹120"
"","Maruti Suzuki Alto K10 - 2011","91,865 kms / Petrol","₹1,90,000"
"","Mahindra SUPRO - 2022","1,60,000 kms / Diesel","₹7,00,00,05,31,001"
"","Mahindra Xylo H4 ABS BS IV - 2019","1,50,000 kms / Diesel","₹6,50,000"
"","Maruti Suzuki Swift Dzire VXI AT - 2024","25,000 kms / Petrol","₹8,00,000"
"","Hyundai i20 Magna 1.2 - 2011","85,000 kms / CNG / 3rd Owner","₹2,00,000"
"","Skoda Fabia 1.2 MPI Ambiente Petrol - 2011","75,000 kms / Petrol","₹1,85,000"
"","Tata Zest XT Diesel - 2018","95,000 kms / Diesel","₹3,80,000"
"","Honda WR V - 2017","32,500 kms / Petrol / 1st Owner","₹4,70,000"
"","Tata Zest XT Diesel - 2018","95,000 kms / Diesel","₹3,80,000"
"","Honda WR V - 2017","32,500 kms / Petrol / 1st Owner","₹4,70,000"
"","DC Avanti Standard - 2023","7,85,87,055 kms / LPG","₹70,00,015"
"https://teja8.kuikr.com/i4/20260519/Beige-2009-Maruti-Suzuki-Wagon-R---110000-kms-driven-in-Bakshi-Pura-ak_LWBP1614422496-1779189624_gv.webp","Maruti Suzuki Wagon R - 2009","1,10,000 kms / Petrol / 2nd Owner","₹1,10,000"
"https://teja8.kuikr.com/i6/20260519/White-2021-Renault-Kiger-RXT-10-AMT---22686-kms-driven-in-ak_LWBP943265732-1779191001_gv.webp","Renault Kiger RXT 1.0 AMT - 2021","22,686 kms / Petrol / 1st Owner","₹4,99,000"
"https://teja8.kuikr.com/i6/20260519/2022-Maruti-Suzuki-Ertiga-ZXI-Plus---32000-kms-driven-in-KPHB-VB201705171774173-ak_LWBP1482507473-1779185977_gv.webp","Maruti Suzuki Ertiga ZXI Plus - 2022","32,000 kms / Petrol","₹12,00,000"
"https://teja8.kuikr.com/i4/20260519/White-2017-Tata-Hexa-XM-4x2-7-STR---68000-kms-driven-in-Janipur-ak_LWBP1423857945-1779182257_gv.webp","Tata Hexa XM 4x2 7 STR - 2017","68,000 kms / Diesel / 2nd Owner","₹6,50,000"
"https://teja9.kuikr.com/images/car/default-cars.jpeg","Hyundai Eon Sportz - 2018","48,000 kms / Petrol","₹2,30,000"
"https://teja8.kuikr.com/i4/20260519/2014-Hyundai-Xcent-12-Kappa-AT-S-Option---52000-kms-driven-in-Kankarbagh-Road-VB201705171774173-ak_LWBP809778645-1779178871_gv.webp","Hyundai Xcent 1.2 Kappa AT S Option - 2014","52,000 kms / Petrol","₹3,50,000"
"https://teja8.kuikr.com/i4/20260519/White-2022-Hyundai-Alcazar-Signature--O----162879-kms-driven-in-Juhapura-VB201705171774173-ak_LWBP1139761683-1779174177_gv.webp","Hyundai Alcazar Signature O  - 2022","1,62,879 kms / Diesel","₹13,40,000"
"https://teja8.kuikr.com/i4/20260519/Other-2007-Hyundai-Getz-GLE---86000-kms-driven-in-Saravanampatti-ak_LWBP2027655984-1779170464_gv.webp","Hyundai Getz GLE - 2007","86,000 kms / Petrol / 3rd Owner","₹1,00,000"
"https://teja8.kuikr.com/i5/20260519/Red-2013-Honda-City-15-V-AT-Sunroof---85000-kms-driven-in-Arjun-Nagar-VB201705171774173-ak_WBP1733709085-1779170500_gv.webp","Honda City 1.5 V AT Sunroof - 2013","85,000 kms / CNG","₹2,90,000"
"https://teja8.kuikr.com/i4/20260312/Silver-2024-Maruti-Suzuki-Wagon-R-LXI-CNG---22000-kms-driven-in-Ghodbunder-Road-ak_LWBP1538975772-1773298488_gv.webp","Maruti Suzuki Wagon R LXI CNG - 2024","22,000 kms / CNG / 1st Owner","₹6,00,000"
"https://teja9.kuikr.com/images/car/default-cars.jpeg","Honda WR V - 2019","22,000 kms / Petrol","₹6,30,000"
"https://teja8.kuikr.com/i5/20260519/White-2018-Maruti-Suzuki-Baleno-Zeta-12---115000-kms-driven-in-Budigere-Cross-ak_LWBP1098789010-1779166163_gv.webp","Maruti Suzuki Baleno Zeta 1.2 - 2018","1,15,000 kms / Petrol / 1st Owner","₹6,95,000"
"https://teja8.kuikr.com/i6/20260517/2009-Maruti-Suzuki-Wagon-R-10-Lxi-ABS---70000-kms-driven-in-Pratap-Nagar-VB201705171774173-ak_LWBP398248556-1779023096_gv.webp","Maruti Suzuki Wagon R 1.0 Lxi ABS - 2009","70,000 kms / Petrol","₹1,25,000"
"https://teja8.kuikr.com/i4/20260518/2010-Tata-Nano-LX-SE---28000-kms-driven-in-AECS-Layout-VB201705171774173-ak_LWBP311818818-1779115705_gv.webp","Tata Nano LX SE - 2010","28,000 kms / Petrol","₹120"
"https://teja8.kuikr.com/i5/20260519/Grey-2011-Maruti-Suzuki-Alto-K10---91865-kms-driven-in-Sector-39-VB201705171774173-ak_LWBP879583987-1779153991_gv.webp","Maruti Suzuki Alto K10 - 2011","91,865 kms / Petrol","₹1,90,000"
"https://teja9.kuikr.com/images/car/default-cars.jpeg","Mahindra SUPRO - 2022","1,60,000 kms / Diesel","₹7,00,00,05,31,001"
"https://teja8.kuikr.com/i4/20260519/Grey-2019-Mahindra-Xylo-H4-ABS-BS-IV---150000-kms-driven-in-Ennore-VB201705171774173-ak_LWBP23886399-1779161902_gv.webp","Mahindra Xylo H4 ABS BS IV - 2019","1,50,000 kms / Diesel","₹6,50,000"
"https://teja8.kuikr.com/i5/20260518/2024-Maruti-Suzuki-Swift-Dzire-VXI-AT---25000-kms-driven-in-Hanumesh-Nagar-VB201705171774173-ak_LWBP760157506-1779115654_gv.webp","Maruti Suzuki Swift Dzire VXI AT - 2024","25,000 kms / Petrol","₹8,00,000"
"https://teja8.kuikr.com/i5/20260518/Silver-2011-Hyundai-i20-Magna-12---85000-kms-driven-in-ak_LWBP1010403253-1779112722_gv.webp","Hyundai i20 Magna 1.2 - 2011","85,000 kms / CNG / 3rd Owner","₹2,00,000"
"https://teja8.kuikr.com/i5/20260518/2011-Skoda-Fabia-12-MPI-Ambiente-Petrol---75000-kms-driven-in-Bisrakh-Jalalpur-VB201705171774173-ak_LWBP1261857421-1779116546_gv.webp","Skoda Fabia 1.2 MPI Ambiente Petrol - 2011","75,000 kms / Petrol","₹1,85,000"
"https://teja8.kuikr.com/i6/20260518/2018-Tata-Zest-XT-Diesel---95000-kms-driven-in-Meenambakkam-VB201705171774173-ak_WBP862609862-1779102146_gv.webp","Tata Zest XT Diesel - 2018","95,000 kms / Diesel","₹3,80,000"
"https://teja8.kuikr.com/i5/20260518/Brown-2017-Honda-WR-V---32500-kms-driven-in-ak_LWBP929313928-1779100815_gv.webp","Honda WR V - 2017","32,500 kms / Petrol / 1st Owner","₹4,70,000"
"https://teja8.kuikr.com/i6/20260518/2018-Tata-Zest-XT-Diesel---95000-kms-driven-in-Meenambakkam-VB201705171774173-ak_WBP862609862-1779102146_gv.webp","Tata Zest XT Diesel - 2018","95,000 kms / Diesel","₹3,80,000"
"https://teja8.kuikr.com/i5/20260518/Brown-2017-Honda-WR-V---32500-kms-driven-in-Chembur-ak_LWBP1254072364-1779100482_gv.webp","Honda WR V - 2017","32,500 kms / Petrol / 1st Owner","₹4,70,000"
"https://teja8.kuikr.com/i4/20260518/2023-DC-Avanti-Standard---78587055-kms-driven-in-Topsia-VB201705171774173-ak_WBP1438760613-1779101143_gv.webp","DC Avanti Standard - 2023","7,85,87,055 kms / LPG","₹70,00,015"
"https://teja8.kuikr.com/i6/20260518/Other-2014-Hyundai-i10-Sportz---63000-kms-driven-in-VB201705171774173-ak_LWBP1809803966-1779099415_gv.webp","Hyundai i10 Sportz - 2014","63,000 kms / CNG","Ask For Price"
"https://teja8.kuikr.com/i6/20260518/Grey-2012-Maruti-Suzuki-Swift-Dzire-VDi-ABS---162000-kms-driven-in-Padma-Nagar-VB201705171774173-ak_LWBP344514785-1779097086_gv.webp","Maruti Suzuki Swift Dzire VDi ABS - 2012","1,62,000 kms / Diesel","₹3,75,000"
"https://teja8.kuikr.com/i4/20260518/2015-Honda-Mobilio-RS-i-DTEC---70000-kms-driven-in-VB201705171774173-ak_WBP2053637052-1779090955_gv.webp","Honda Mobilio RS i DTEC - 2015","70,000 kms / Diesel","₹3,25,000"
"https://teja8.kuikr.com/i5/20260516/White-2013-Mahindra-XUV500---130000-kms-driven-in-Vattiyoorkavu-VB201705171774173-ak_WBP1504055215-1778934081_gv.webp","Mahindra XUV500 - 2013","1,30,000 kms / Diesel","₹4,60,000"
"https://teja8.kuikr.com/i4/20260517/2023-Kia-Sonet-HTK-Plus-15---12000-kms-driven-in-Ratu-Road-VB201705171774173-ak_LWBP1686776844-1779036922_gv.webp","Kia Sonet HTK Plus 1.5 - 2023","12,000 kms / Petrol","₹7,50,000"
"https://teja8.kuikr.com/i5/20260516/Grey-2018-Mahindra-XUV500---30073-kms-driven-in-Kasavanahalli-VB201705171774173-ak_LWBP320985610-1778941284_gv.webp","Mahindra XUV500 - 2018","30,073 kms / Diesel","₹11,50,000"
"","Maruti Suzuki Swift VXi 1.2 ABS BS IV - 2024","45,000 kms / Petrol","₹1,100"
"","Skoda Kushaq - 2024","9,300 kms / Petrol / 1st Owner","₹16,75,000"
"","Tata Punch Creative - 2022","22,000 kms / Petrol","₹7,21,000"
"","Kia Seltos HTE 1.5 Diesel - 2022","65,000 kms / Diesel","₹10,80,000"
"","Chevrolet Beat LT Diesel - 2012","69,000 kms / Diesel / 1st Owner","₹1,00,000"
"","Audi A3 35 TDI Technology Sunroof - 2015","2,00,000 kms / Diesel","₹12,00,000"
"","Hyundai XCENT PRIME - 2021","9,40,000 kms / CNG","₹4,90,000"
"","Maruti Suzuki Alto 800 Lxi - 2010","1,00,000 kms / Petrol","₹80,000"
"","Hyundai Xcent SX 1.2 OPT - 2016","95,000 kms / Petrol","₹2,96,000"
"","Renault Duster 85 PS RXZ 4X2 MT - 2017","90,333 kms / Diesel","₹6,00,000"
"","Maruti Suzuki Alto 800 Lxi - 2010","1,00,000 kms / Petrol","₹80,000"
"","Tata Tiago Revotron XT - 2024","35,000 kms / Petrol","₹35,000"
"","Hyundai Creta 1.6 Base Petrol - 2020","75,000 kms / Petrol / 1st Owner","₹8,60,000"
"","Renault Kwid RXL - 2019","65,000 kms / CNG / 3rd Owner","₹1,70,000"
"","Maruti Suzuki Swift VXi Glory Edition - 2022","8,938 kms / Petrol / 1st Owner","₹6,00,000"
"","Volkswagen Polo COMFORTLINE 1.2L PETROL - 2011","84,000 kms / Petrol / 3rd Owner","₹2,85,000"
"","Hyundai Tucson CRDi - 2005","1,96,000 kms / Diesel / 3rd Owner","₹2,95,000"
"","Hyundai Tucson CRDi - 2005","1,96,000 kms / Diesel / 3rd Owner","₹2,95,000"
"https://teja8.kuikr.com/i5/20260517/2024-Maruti-Suzuki-Swift-VXi-12-ABS-BS-IV---45000-kms-driven-in-Changanacherry-VB201705171774173-ak_LWBP1374259759-1778967645_gv.webp","Maruti Suzuki Swift VXi 1.2 ABS BS IV - 2024","45,000 kms / Petrol","₹1,100"
"https://teja8.kuikr.com/i6/20260517/White-2024-Skoda-Kushaq---9300-kms-driven-in-Hosa-Road-ak_LWBP80445428-1778980520_gv.webp","Skoda Kushaq - 2024","9,300 kms / Petrol / 1st Owner","₹16,75,000"
"https://teja9.kuikr.com/images/car/default-cars.jpeg","Tata Punch Creative - 2022","22,000 kms / Petrol","₹7,21,000"
"https://teja8.kuikr.com/i5/20260517/Silver-2022-Kia-Seltos-HTE-15-Diesel---65000-kms-driven-in-Gadaipura-VB201705171774173-ak_LWBP1359705283-1779002084_gv.webp","Kia Seltos HTE 1.5 Diesel - 2022","65,000 kms / Diesel","₹10,80,000"
"https://teja8.kuikr.com/i5/20260517/Grey-2012-Chevrolet-Beat-LT-Diesel---69000-kms-driven-in-Ulloor-ak_LWBP1702056355-1778997863_gv.webp","Chevrolet Beat LT Diesel - 2012","69,000 kms / Diesel / 1st Owner","₹1,00,000"
"https://teja8.kuikr.com/i4/20260517/White-2015-Audi-A3-35-TDI-Technology-Sunroof---200000-kms-driven-in-Alambagh-VB201705171774173-ak_LWBP1926400758-1779011649_gv.webp","Audi A3 35 TDI Technology Sunroof - 2015","2,00,000 kms / Diesel","₹12,00,000"
"https://teja8.kuikr.com/i6/20260517/White-2021-Hyundai-XCENT-PRIME---940000-kms-driven-in-Chandkheda-VB201705171774173-ak_LWBP1407807446-1779023516_gv.webp","Hyundai XCENT PRIME - 2021","9,40,000 kms / CNG","₹4,90,000"
"https://teja8.kuikr.com/i5/20260517/2010-Maruti-Suzuki-Alto-800-Lxi---100000-kms-driven-in-Magarpatta-Road-VB201705171774173-ak_LWBP142639015-1779035854_gv.webp","Maruti Suzuki Alto 800 Lxi - 2010","1,00,000 kms / Petrol","₹80,000"
"https://teja8.kuikr.com/i6/20260518/2016-Hyundai-Xcent-SX-12-OPT---95000-kms-driven-in-Bijnaur-VB201705171774173-ak_LWBP2128984187-1779066606_gv.webp","Hyundai Xcent SX 1.2 OPT - 2016","95,000 kms / Petrol","₹2,96,000"
"https://teja8.kuikr.com/i4/20260518/2017-Renault-Duster-85-PS-RXZ-4X2-MT---90333-kms-driven-in-Tumkur-Road-VB201705171774173-ak_WBP2062081176-1779048675_gv.webp","Renault Duster 85 PS RXZ 4X2 MT - 2017","90,333 kms / Diesel","₹6,00,000"
"https://teja8.kuikr.com/i5/20260517/2010-Maruti-Suzuki-Alto-800-Lxi---100000-kms-driven-in-Magarpatta-Road-VB201705171774173-ak_LWBP142639015-1779035854_gv.webp","Maruti Suzuki Alto 800 Lxi - 2010","1,00,000 kms / Petrol","₹80,000"
"https://teja8.kuikr.com/i4/20260517/Grey-2024-Tata-Tiago-Revotron-XT---35000-kms-driven-in-Pedda-Waltair-VB201705171774173-ak_LWBP1814872854-1779000509_gv.webp","Tata Tiago Revotron XT - 2024","35,000 kms / Petrol","₹35,000"
"https://teja8.kuikr.com/i5/20260517/Black-2020-Hyundai-Creta-16-Base-Petrol---75000-kms-driven-in-Vidya-Nagar-ak_LWBP997701868-1778995417_gv.webp","Hyundai Creta 1.6 Base Petrol - 2020","75,000 kms / Petrol / 1st Owner","₹8,60,000"
"https://teja8.kuikr.com/i4/20260517/Brown-2019-Renault-Kwid-RXL---65000-kms-driven-in-Okhla-Industrial-Area-ak_LWBP246241734-1779007241_gv.webp","Renault Kwid RXL - 2019","65,000 kms / CNG / 3rd Owner","₹1,70,000"
"https://teja8.kuikr.com/i5/20260517/Grey-2022-Maruti-Suzuki-Swift-VXi-Glory-Edition---8938-kms-driven-in-Beltola-ak_LWBP619669537-1779003527_gv.webp","Maruti Suzuki Swift VXi Glory Edition - 2022","8,938 kms / Petrol / 1st Owner","₹6,00,000"
"https://teja8.kuikr.com/i5/20260517/Red-2011-Volkswagen-Polo-COMFORTLINE-12L-PETROL---84000-kms-driven-in-Gajuwaka-ak_LWBP536159653-1778994531_gv.webp","Volkswagen Polo COMFORTLINE 1.2L PETROL - 2011","84,000 kms / Petrol / 3rd Owner","₹2,85,000"
"https://teja8.kuikr.com/i5/20260517/White-2005-Hyundai-Tucson-CRDi---196000-kms-driven-in-ak_LWBP426965281-1779025348_gv.webp","Hyundai Tucson CRDi - 2005","1,96,000 kms / Diesel / 3rd Owner","₹2,95,000"
"https://teja8.kuikr.com/i4/20260517/White-2005-Hyundai-Tucson-CRDi---196000-kms-driven-in-HSR-Layout-Sector-2-ak_LWBP459327348-1779023280_gv.webp","Hyundai Tucson CRDi - 2005","1,96,000 kms / Diesel / 3rd Owner","₹2,95,000"
"","Maruti Suzuki Swift Dzire Tour LXi - 2022","75,500 kms / CNG","₹5,65,000"
"https://teja8.kuikr.com/i5/20260516/2022-Maruti-Suzuki-Swift-Dzire-Tour-LXi---77000-kms-driven-in-Electronic-City-Phase-II-VB201705171774173-ak_LWBP529106200-1778931216_gv.webp","Maruti Suzuki Swift Dzire Tour LXi - 2022","77,000 kms / CNG","₹5,70,000"
"https://teja8.kuikr.com/i4/20260516/2014-Hyundai-Grand-i10-ASTA-12--O--VTVT---91000-kms-driven-in-Sarita-Vihar-VB201705171774173-ak_LWBP1517880591-1778924358_gv.webp","Hyundai Grand i10 ASTA 1.2 O VTVT - 2014","91,000 kms / Petrol","₹2,25,000"
"https://teja9.kuikr.com/images/car/default-cars.jpeg","Hyundai Grand i10 ASTA 1.2 O VTVT - 2014","91,000 kms / Petrol","₹2,25,000"
"https://teja8.kuikr.com/i4/20260516/2022-Skoda-Kushaq-Ambition-10-TSI-MT---32400-kms-driven-in-Lucknow-City-VB201705171774173-ak_LWBP144438510-1778918403_gv.webp","Skoda Kushaq Ambition 1.0 TSI MT - 2022","32,400 kms / Petrol","₹9,00,000"
"https://teja9.kuikr.com/images/car/default-cars.jpeg","Tata Punch Creative - 2024","12,800 kms / CNG","₹6,35,000"
"https://teja8.kuikr.com/i4/20260516/White-2008-Maruti-Suzuki-Alto-LXi---66890-kms-driven-in-Thudiyalur-ak_LWBP208630263-1778916283_gv.webp","Maruti Suzuki Alto LXi - 2008","66,890 kms / Petrol / 1st Owner","₹2,00,000"
"","Toyota Innova 2.5 Z Diesel 7 Seater BS III - 2007","1,99,000 kms / Diesel / 2nd Owner","₹6,50,000"
"","Kia Sonet HTK Plus 1.5 - 2024","5,000 kms / Petrol","₹9,00,000"
"","Hyundai Accent GLX - 2009","86,000 kms / Petrol","₹1,20,000"
"","Tata Indica eV2 LS - 2015","80,000 kms / Diesel","₹1,10,000"
"","Tata Indica Vista Aura 1.3 Quadrajet BSIV - 2011","80,416 kms / Diesel","₹1,10,000"
"","Hyundai Grand i10 Asta 1.1 CRDi O - 2016","12,30,000 kms / Diesel","₹3,45,000"
"","Maruti Suzuki Alto K10 VXi - 2016","65,000 kms / Petrol / 2nd Owner","₹1,70,000"
"","Maruti Suzuki BREZZA - 2016","1,41,000 kms / Diesel","₹6,25,000"
"","Ford Endeavour 3.0L 4x4 AT - 2010","95,000 kms / Diesel","₹3,50,000"
"","Maruti Suzuki Swift Lxi BSIII - 2011","84,000 kms / Petrol","₹2,60,000"
"","Maruti Suzuki Alto 800 Lxi - 2013","31,000 kms / Petrol","₹1,30,000"
"","Hyundai i10 1.2 L Kappa Magna Special Edition - 2013","1,26,000 kms / Petrol","₹1,90,000"
"","Maruti Suzuki Wagon R Duo Lxi - 2010","1,01,698 kms / Petrol / 2nd Owner","₹1,30,000"
"","Tata Tigor Revotron XZ O - 2017","1,24,000 kms / Petrol","₹3,50,000"
"","Tata Tigor Revotron XZ - 2017","1,24,000 kms / Petrol","₹3,50,000"
"","Hyundai i20 Era 1.2 - 2013","46,000 kms / Petrol / 2nd Owner","₹3,74,998"
"","Maruti Suzuki Maruti 800 - 2003","1,50,000 kms / Petrol / 2nd Owner","₹30,000"
"https://teja8.kuikr.com/i5/20260516/Silver-2007-Toyota-Innova-25-Z-Diesel-7-Seater-BS-III---199000-kms-driven-in-Yeshwanthpur-ak_LWBP1968547837-1778916230_gv.webp","Toyota Innova 2.5 Z Diesel 7 Seater BS III - 2007","1,99,000 kms / Diesel / 2nd Owner","₹6,50,000"
"https://teja9.kuikr.com/images/car/default-cars.jpeg","Kia Sonet HTK Plus 1.5 - 2024","5,000 kms / Petrol","₹9,00,000"
"https://teja8.kuikr.com/i6/20260515/2009-Hyundai-Accent-GLX---86000-kms-driven-in-Pallipalayam-VB201705171774173-ak_LWBP1094387288-1778852052_gv.webp","Hyundai Accent GLX - 2009","86,000 kms / Petrol","₹1,20,000"
"https://teja8.kuikr.com/i4/20260515/White-2015-Tata-Indica-eV2-LS---80000-kms-driven-in-Santhi-Nagar-VB201705171774173-ak_LWBP624599226-1778867820_gv.webp","Tata Indica eV2 LS - 2015","80,000 kms / Diesel","₹1,10,000"
"https://teja8.kuikr.com/i4/20260516/2011-Tata-Indica-Vista-Aura-13-Quadrajet-BSIV---80416-kms-driven-in-Munshi-Pulia-VB201705171774173-ak_LWBP1207948575-1778904219_gv.webp","Tata Indica Vista Aura 1.3 Quadrajet BSIV - 2011","80,416 kms / Diesel","₹1,10,000"
"https://teja8.kuikr.com/i5/20260516/2016-Hyundai-Grand-i10-Asta-11-CRDi-O---1230000-kms-driven-in-Rajendra-Nagar-VB201705171774173-ak_LWBP728300533-1778884050_gv.webp","Hyundai Grand i10 Asta 1.1 CRDi O - 2016","12,30,000 kms / Diesel","₹3,45,000"
"https://teja8.kuikr.com/i5/20260515/Red-2016-Maruti-Suzuki-Alto-K10-VXi---65000-kms-driven-in-Chander-Vihar-ak_LWBP1637018590-1778864432_gv.webp","Maruti Suzuki Alto K10 VXi - 2016","65,000 kms / Petrol / 2nd Owner","₹1,70,000"
"https://teja8.kuikr.com/i4/20260515/2016-Maruti-Suzuki-BREZZA---141000-kms-driven-in-Thadagam-Road-VB201705171774173-ak_WBP1754496387-1778869271_gv.webp","Maruti Suzuki BREZZA - 2016","1,41,000 kms / Diesel","₹6,25,000"
"https://teja8.kuikr.com/i5/20260516/2010-Ford-Endeavour-30L-4x4-AT---95000-kms-driven-in-Taloja-VB201705171774173-ak_WBP1598319583-1778880078_gv.webp","Ford Endeavour 3.0L 4x4 AT - 2010","95,000 kms / Diesel","₹3,50,000"
"https://teja8.kuikr.com/i4/20260515/2011-Maruti-Suzuki-Swift-Lxi-BSIII---84000-kms-driven-in-Gerugambakkam-VB201705171774173-ak_LWBP1964696550-1778865384_gv.webp","Maruti Suzuki Swift Lxi BSIII - 2011","84,000 kms / Petrol","₹2,60,000"
"https://teja9.kuikr.com/images/car/default-cars.jpeg","Maruti Suzuki Alto 800 Lxi - 2013","31,000 kms / Petrol","₹1,30,000"
"https://teja8.kuikr.com/i5/20260515/2013-Hyundai-i10-12-L-Kappa-Magna-Special-Edition---126000-kms-driven-in-Kottara-Chowk-VB201705171774173-ak_LWBP1083686824-1778841698_gv.webp","Hyundai i10 1.2 L Kappa Magna Special Edition - 2013","1,26,000 kms / Petrol","₹1,90,000"
"https://teja8.kuikr.com/i4/20260515/Silver-2010-Maruti-Suzuki-Wagon-R-Duo-Lxi---101698-kms-driven-in-Nanded-Fata-ak_LWBP586998594-1778837458_gv.webp","Maruti Suzuki Wagon R Duo Lxi - 2010","1,01,698 kms / Petrol / 2nd Owner","₹1,30,000"
"https://teja8.kuikr.com/i6/20260515/2017-Tata-Tigor-Revotron-XZ-O---124000-kms-driven-in-Alwal-VB201705171774173-ak_WBP1171605821-1778830237_gv.webp","Tata Tigor Revotron XZ O - 2017","1,24,000 kms / Petrol","₹3,50,000"
"https://teja8.kuikr.com/i4/20260515/2017-Tata-Tigor-Revotron-XZ---124000-kms-driven-in-Alwal-VB201705171774173-ak_LWBP1017279786-1778830638_gv.webp","Tata Tigor Revotron XZ - 2017","1,24,000 kms / Petrol","₹3,50,000"
"https://teja8.kuikr.com/i5/20260515/Red-2013-Hyundai-i20-Era-12---46000-kms-driven-in-Basaveshwara-Nagar-ak_LWBP676425808-1778830700_gv.webp","Hyundai i20 Era 1.2 - 2013","46,000 kms / Petrol / 2nd Owner","₹3,74,998"
"https://teja8.kuikr.com/i6/20260515/Other-2003-Maruti-Suzuki-Maruti-800---150000-kms-driven-in-Alochi-Bagh-Road-ak_LWBP832317740-1778829086_gv.webp","Maruti Suzuki Maruti 800 - 2003","1,50,000 kms / Petrol / 2nd Owner","₹30,000"
"https://teja9.kuikr.com/images/car/default-cars.jpeg","Tata Indica Vista Aqua 1.4 TDI - 2014","1,45,000 kms / Diesel","₹1,50,000"
"https://teja8.kuikr.com/i5/20260514/Grey-2023-Mahindra-XUV700---43500-kms-driven-in-Civil-Lines-VB201705171774173-ak_LWBP1642786888-1778781707_gv.webp","Mahindra XUV700 - 2023","43,500 kms / Diesel","₹17,50,000"
"https://teja8.kuikr.com/i5/20260515/Silver-2023-Maruti-Suzuki-Alto-K10-VXi-AMT---16000-kms-driven-in-Gajpati-Nagar-VB201705171774173-ak_WBP1726728424-1778816003_gv.webp","Maruti Suzuki Alto K10 VXi AMT - 2023","16,000 kms / Petrol","₹4,00,000"
"https://teja8.kuikr.com/i5/20260515/White-2024-Maruti-Suzuki-New-Wagon-R---30000-kms-driven-in-Patuapara-VB201705171774173-ak_LWBP1519868923-1778785015_gv.webp","Maruti Suzuki New Wagon R - 2024","30,000 kms / CNG","₹15,000"
"https://teja8.kuikr.com/i6/20260505/Silver-2018-Maruti-Suzuki-Wagon-R-LXi-Minor---185000-kms-driven-in-Narhe-VB201705171774173-ak_LWBP180977021-1777982103_gv.webp","Maruti Suzuki Wagon R LXi Minor - 2018","1,85,000 kms / CNG","₹2,50,000"
"","Hyundai Elite i20 1.2 MAGNA PLUS VTVT - 2011","1,70,000 kms / Diesel","₹2,20,000"
"","Maruti Suzuki Omni E 8 STR BS IV - 2017","30,000 kms / Petrol","₹2,90,000"
"","Renault Triber RXZ - 2020","46,500 kms / Petrol","₹5,00,000"
"","Maruti Suzuki Swift VXI BSIII with ABS - 2008","40,000 kms / Petrol","₹1,65,000"
"","Maruti Suzuki Wagon R LX BS IV - 2012","55,000 kms / Petrol / 2nd Owner","₹1,20,000"
"","Maruti Suzuki Wagon R LX BS IV - 2012","55,000 kms / Petrol / 2nd Owner","₹1,20,000"
"","Toyota Etios GD - 2017","2,50,000 kms / Diesel","₹4,00,000"
"","Maruti Suzuki Swift VXi 1.2 BS IV - 2022","52,500 kms / Petrol","₹5,75,000"
"","Mahindra XUV 300 - 2020","1,50,000 kms / Diesel / 1st Owner","₹8,99,000"
"","Tata Tigor Revotron XZ - 2022","39,500 kms / CNG / 1st Owner","₹6,00,000"
"","Datsun Redi GO - 2016","50,000 kms / Petrol","₹1,95,000"
"","Maruti Suzuki Wagon R Pro - 2012","38,000 kms / Petrol","₹2,75,000"
"","Maruti Suzuki Maruti 800 AC - 2007","29,000 kms / Petrol","₹75,000"
"","Maruti Suzuki Wagon R 1.0 LXi CNG - 2023","1,50,000 kms / CNG","₹5,00,000"
"","Maruti Suzuki Swift Dzire Tour VXi - 2020","1,48,000 kms / CNG / 1st Owner","₹3,80,000"
"","Maruti Suzuki Eeco 5 STR WITH AC PLUSHTR - 2013","1,22,586 kms / Hybrid","₹1,71,000"
"","BMW X1 sDrive20d - 2013","82,000 kms / Diesel / 1st Owner","₹8,00,000"
"","Maruti Suzuki Wagon R LXI CNG - 2024","22,000 kms / CNG / 1st Owner","₹6,00,000"
"","Maruti Suzuki Dzire VXI - 2024","65,000 kms / Petrol / 1st Owner","₹6,49,999"
"https://teja8.kuikr.com/i6/20260514/2011-Hyundai-Elite-i20-12-MAGNA-PLUS-VTVT---170000-kms-driven-in-GT-Road-VB201705171774173-ak_LWBP1046323742-1778759994_gv.webp","Hyundai Elite i20 1.2 MAGNA PLUS VTVT - 2011","1,70,000 kms / Diesel","₹2,20,000"
"https://teja8.kuikr.com/i5/20260514/2017-Maruti-Suzuki-Omni-E-8-STR-BS-IV---30000-kms-driven-in-VB201705171774173-ak_LWBP790961374-1778759731_gv.webp","Maruti Suzuki Omni E 8 STR BS IV - 2017","30,000 kms / Petrol","₹2,90,000"
"https://teja9.kuikr.com/images/car/default-cars.jpeg","Renault Triber RXZ - 2020","46,500 kms / Petrol","₹5,00,000"
"https://teja8.kuikr.com/i4/20260514/2008-Maruti-Suzuki-Swift-VXI-BSIII-with-ABS---40000-kms-driven-in-Gandhi-Nagar-VB201705171774173-ak_WBP302704068-1778743602_gv.webp","Maruti Suzuki Swift VXI BSIII with ABS - 2008","40,000 kms / Petrol","₹1,65,000"
"https://teja8.kuikr.com/i6/20260514/Silver-2012-Maruti-Suzuki-Wagon-R-LX-BS-IV---55000-kms-driven-in-ak_LWBP2054306567-1778744890_gv.webp","Maruti Suzuki Wagon R LX BS IV - 2012","55,000 kms / Petrol / 2nd Owner","₹1,20,000"
"https://teja8.kuikr.com/i6/20260514/Silver-2012-Maruti-Suzuki-Wagon-R-LX-BS-IV---55000-kms-driven-in-Abul-Fazal-Enclave-ak_LWBP2144606588-1778744737_gv.webp","Maruti Suzuki Wagon R LX BS IV - 2012","55,000 kms / Petrol / 2nd Owner","₹1,20,000"
"https://teja8.kuikr.com/i5/20260514/2017-Toyota-Etios-GD---250000-kms-driven-in-Vijayanagar-VB201705171774173-ak_LWBP1354036801-1778736114_gv.webp","Toyota Etios GD - 2017","2,50,000 kms / Diesel","₹4,00,000"
"https://teja8.kuikr.com/i4/20260513/Red-2022-Maruti-Suzuki-Swift-VXi-12-BS-IV---52500-kms-driven-in-Erragadda-VB201705171774173-ak_WBP2100106236-1778693663_gv.webp","Maruti Suzuki Swift VXi 1.2 BS IV - 2022","52,500 kms / Petrol","₹5,75,000"
"https://teja8.kuikr.com/i4/20260513/Red-2020-Mahindra-XUV-300---150000-kms-driven-in-ak_LWBP1217001051-1778677328_gv.webp","Mahindra XUV 300 - 2020","1,50,000 kms / Diesel / 1st Owner","₹8,99,000"
"https://teja8.kuikr.com/i5/20260513/White-2022-Tata-Tigor-Revotron-XZ---39500-kms-driven-in-Nagarabhavi-ak_LWBP354201253-1778691509_gv.webp","Tata Tigor Revotron XZ - 2022","39,500 kms / CNG / 1st Owner","₹6,00,000"
"https://teja8.kuikr.com/i5/20260513/2016-Datsun-Redi-GO---50000-kms-driven-in-Daurala-VB201705171774173-ak_WBP2081201593-1778693607_gv.webp","Datsun Redi GO - 2016","50,000 kms / Petrol","₹1,95,000"
"https://teja9.kuikr.com/images/car/default-cars.jpeg","Maruti Suzuki Wagon R Pro - 2012","38,000 kms / Petrol","₹2,75,000"
"https://teja8.kuikr.com/i6/20260514/2007-Maruti-Suzuki-Maruti-800-AC---29000-kms-driven-in-Malviya-Nagar-VB201705171774173-ak_LWBP1701375449-1778725910_gv.webp","Maruti Suzuki Maruti 800 AC - 2007","29,000 kms / Petrol","₹75,000"
"https://teja8.kuikr.com/i4/20260513/2023-Maruti-Suzuki-Wagon-R-10-LXi-CNG---150000-kms-driven-in-Vishala-VB201705171774173-ak_WBP1072229340-1778680672_gv.webp","Maruti Suzuki Wagon R 1.0 LXi CNG - 2023","1,50,000 kms / CNG","₹5,00,000"
"https://teja8.kuikr.com/i4/20260514/White-2020-Maruti-Suzuki-Swift-Dzire-Tour-VXi---148000-kms-driven-in-Wanowrie-ak_LWBP1602790311-1778718942_gv.webp","Maruti Suzuki Swift Dzire Tour VXi - 2020","1,48,000 kms / CNG / 1st Owner","₹3,80,000"
"https://teja9.kuikr.com/images/car/default-cars.jpeg","Maruti Suzuki Eeco 5 STR WITH AC PLUSHTR - 2013","1,22,586 kms / Hybrid","₹1,71,000"
"https://teja8.kuikr.com/i5/20260513/White-2013-BMW-X1-sDrive20d---82000-kms-driven-in-Gomti-Nagar-ak_LWBP1560753346-1778666936_gv.webp","BMW X1 sDrive20d - 2013","82,000 kms / Diesel / 1st Owner","₹8,00,000"
"https://teja8.kuikr.com/i4/20260312/Silver-2024-Maruti-Suzuki-Wagon-R-LXI-CNG---22000-kms-driven-in-Santacruz-East-ak_LWBP41531844-1773298109_gv.webp","Maruti Suzuki Wagon R LXI CNG - 2024","22,000 kms / CNG / 1st Owner","₹6,00,000"
"https://teja8.kuikr.com/i4/20260513/Silver-2024-Maruti-Suzuki-Dzire-VXI---65000-kms-driven-in-Shivanand-Nagar-ak_LWBP180322287-1778654210_gv.webp","Maruti Suzuki Dzire VXI - 2024","65,000 kms / Petrol / 1st Owner","₹6,49,999"
"https://teja8.kuikr.com/i4/20260513/Silver-2024-Maruti-Suzuki-Dzire-VXI---65000-kms-driven-in-Shivanand-Nagar-ak_LWBP180322287-1778654210_gv.webp","Maruti Suzuki Dzire VXI - 2024","65,000 kms / Petrol / 1st Owner","₹6,49,999"
"https://teja9.kuikr.com/images/car/default-cars.jpeg","Maruti Suzuki Ertiga LXi CNG - 2024","65,000 kms / CNG","₹10,20,000"
"https://teja8.kuikr.com/i6/20260512/2018-Datsun-Redi-GO-A---57407-kms-driven-in-Uttam-Nagar-VB201705171774173-ak_LWBP917200445-1778595920_gv.webp","Datsun Redi GO A - 2018","57,407 kms / Petrol","₹1,25,000"
"https://teja8.kuikr.com/i4/20260512/2008-Maruti-Suzuki-Alto-800-Lxi---80000-kms-driven-in-Dahanu-VB201705171774173-ak_LWBP289122843-1778602468_gv.webp","Maruti Suzuki Alto 800 Lxi - 2008","80,000 kms / Petrol","₹75,000"
"","Maruti Suzuki Alto K10 LX - 2010","1,40,000 kms / 3rd Owner","₹1,15,000"
"","Toyota Fortuner 3.0 4x2 AT - 2014","2,20,000 kms / Diesel","₹13,50,000"
"","Tata Vista Tech VX BS IV - 2014","1,00,000 kms / Diesel","₹1,20,000"
"","Maruti Suzuki Wagon R LXI BS IV - 2014","75,000 kms / Petrol","₹2,30,000"
"","Mitsubishi Cedia New Sports - 2008","89,400 kms / Petrol","₹3,15,000"
"","Volkswagen Polo Diesel Highline - 2012","1,05,000 kms / Diesel","₹4,00,000"
"","Volkswagen Polo Diesel Highline - 2012","1,05,000 kms / Diesel","₹4,00,000"
"","Maruti Suzuki Swift VXi - 2013","77,500 kms / Petrol / 3rd Owner","₹1,99,997"
"","Tata Nexon XM 1.2 - 2019","47,000 kms / Petrol","₹5,50,000"
"","Maruti Suzuki Swift VXi - 2013","77,500 kms / Petrol / 3rd Owner","₹1,99,997"
"","Volkswagen Jetta Comfortline TSI - 2014","80,000 kms / Petrol / 3rd Owner","₹2,78,000"
"","Mahindra XUV 300 W8 - 2020","46,217 kms / Petrol / 1st Owner","₹8,00,000"
"","Maruti Suzuki Ritz Elate Edition VXi - 2010","1,35,000 kms / Petrol","₹3,00,000"
"","Tata Punch Creative - 2023","48,000 kms / Petrol","₹8,10,000"
"","Toyota Innova Crysta 2.4 GX 8 STR - 2018","1,70,000 kms / Diesel","₹12,00,000"
"","Maruti Suzuki Baleno ALPHA 1.2 K12 - 2017","22,000 kms / Petrol","₹5,90,000"
"","Toyota Innova Crysta 2.8 GX AT 7 STR - 2021","17,795 kms / Diesel","₹25,75,000"
"","Maruti Suzuki Ritz LDi - 2011","76,000 kms / CNG","₹1,55,000"
"","Renault Kwid - 2016","47,658 kms / Petrol","₹1,70,000"
"","Tata Nano LX SE - 2011","19,000 kms / Petrol","₹1,10,000"
"https://teja8.kuikr.com/i5/20260513/Black-2010-Maruti-Suzuki-Alto-K10-LX---140000-kms-driven-in-Kannadiparamba-ak_LWBP927633637-1778643166_gv.webp","Maruti Suzuki Alto K10 LX - 2010","1,40,000 kms / 3rd Owner","₹1,15,000"
"https://teja8.kuikr.com/i4/20260512/Silver-2014-Toyota-Fortuner-30-4x2-AT---220000-kms-driven-in-Maruthi-Sevanagar-VB201705171774173-ak_LWBP524002842-1778599740_gv.webp","Toyota Fortuner 3.0 4x2 AT - 2014","2,20,000 kms / Diesel","₹13,50,000"
"https://teja8.kuikr.com/i4/20260512/2014-Tata-Vista-Tech-VX-BS-IV---100000-kms-driven-in-Hathijan-VB201705171774173-ak_WBP735406605-1778601429_gv.webp","Tata Vista Tech VX BS IV - 2014","1,00,000 kms / Diesel","₹1,20,000"
"https://teja8.kuikr.com/i5/20260321/2014-Maruti-Suzuki-Wagon-R-LXI-BS-IV---75000-kms-driven-in-Morar-VB201705171774173-ak_LWBP306074548-1774105905_gv.webp","Maruti Suzuki Wagon R LXI BS IV - 2014","75,000 kms / Petrol","₹2,30,000"
"https://teja8.kuikr.com/i4/20260404/Red-2008-Mitsubishi-Cedia-New-Sports---89400-kms-driven-in-Arekere-VB201705171774173-ak_LWBP624617115-1775289552_gv.webp","Mitsubishi Cedia New Sports - 2008","89,400 kms / Petrol","₹3,15,000"
"https://teja8.kuikr.com/i6/20260512/Red-2012-Volkswagen-Polo-Diesel-Highline---105000-kms-driven-in-Nagarabhavi-VB201705171774173-ak_LWBP1831253999-1778587534_gv.webp","Volkswagen Polo Diesel Highline - 2012","1,05,000 kms / Diesel","₹4,00,000"
"https://teja8.kuikr.com/i6/20260512/Red-2012-Volkswagen-Polo-Diesel-Highline---105000-kms-driven-in-Nagarabhavi-VB201705171774173-ak_LWBP1831253999-1778587534_gv.webp","Volkswagen Polo Diesel Highline - 2012","1,05,000 kms / Diesel","₹4,00,000"
"https://teja8.kuikr.com/i5/20260512/White-2013-Maruti-Suzuki-Swift-VXi---77500-kms-driven-in-ak_LWBP1564469236-1778585371_gv.webp","Maruti Suzuki Swift VXi - 2013","77,500 kms / Petrol / 3rd Owner","₹1,99,997"
"https://teja8.kuikr.com/i6/20260512/Blue-2019-Tata-Nexon-XM-12---47000-kms-driven-in-Sukurhuttu-VB201705171774173-ak_LWBP1782034769-1778585928_gv.webp","Tata Nexon XM 1.2 - 2019","47,000 kms / Petrol","₹5,50,000"
"https://teja8.kuikr.com/i5/20260512/White-2013-Maruti-Suzuki-Swift-VXi---77500-kms-driven-in-ak_LWBP1564469236-1778585371_gv.webp","Maruti Suzuki Swift VXi - 2013","77,500 kms / Petrol / 3rd Owner","₹1,99,997"
"https://teja8.kuikr.com/i6/20260512/Golden-2014-Volkswagen-Jetta-Comfortline-TSI---80000-kms-driven-in-NIBM-Road-ak_LWBP1318031507-1778571643_gv.webp","Volkswagen Jetta Comfortline TSI - 2014","80,000 kms / Petrol / 3rd Owner","₹2,78,000"
"https://teja8.kuikr.com/i4/20260512/White-2020-Mahindra-XUV-300-W8---46217-kms-driven-in-Hunasamaranahalli-ak_LWBP850247016-1778568789_gv.webp","Mahindra XUV 300 W8 - 2020","46,217 kms / Petrol / 1st Owner","₹8,00,000"
"https://teja8.kuikr.com/i5/20260512/2010-Maruti-Suzuki-Ritz-Elate-Edition-VXi---135000-kms-driven-in-Vivekananda-Nagar-VB201705171774173-ak_LWBP1379144626-1778564953_gv.webp","Maruti Suzuki Ritz Elate Edition VXi - 2010","1,35,000 kms / Petrol","₹3,00,000"
"https://teja8.kuikr.com/i6/20260512/White-2023-Tata-Punch-Creative---48000-kms-driven-in-Bhayandar-West-VB201705171774173-ak_LWBP851048660-1778566699_gv.webp","Tata Punch Creative - 2023","48,000 kms / Petrol","₹8,10,000"
"https://teja8.kuikr.com/i6/20260426/Grey-2018-Toyota-Innova-Crysta-24-GX-8-STR---170000-kms-driven-in-Beri-Khera-VB201705171774173-ak_LWBP1012596443-1777210031_gv.webp","Toyota Innova Crysta 2.4 GX 8 STR - 2018","1,70,000 kms / Diesel","₹12,00,000"
"https://teja8.kuikr.com/i5/20260512/Grey-2017-Maruti-Suzuki-Baleno-ALPHA-12-K12---22000-kms-driven-in-Marunji-VB201705171774173-ak_WBP250919161-1778561494_gv.webp","Maruti Suzuki Baleno ALPHA 1.2 K12 - 2017","22,000 kms / Petrol","₹5,90,000"
"https://teja8.kuikr.com/i5/20260410/Purple-2021-Toyota-Innova-Crysta-28-GX-AT-7-STR---17795-kms-driven-in-Vadapalani-VB201705171774173-ak_LWBP706723669-1775834610_gv.webp","Toyota Innova Crysta 2.8 GX AT 7 STR - 2021","17,795 kms / Diesel","₹25,75,000"
"https://teja8.kuikr.com/i4/20260411/2011-Maruti-Suzuki-Ritz-LDi---76000-kms-driven-in-Mumbai-Gpo-VB201705171774173-ak_LWBP965373855-1775915661_gv.webp","Maruti Suzuki Ritz LDi - 2011","76,000 kms / CNG","₹1,55,000"
"https://teja8.kuikr.com/i5/20260511/Red-2016-Renault-Kwid---47658-kms-driven-in-Sector-18-VB201705171774173-ak_LWBP1131662434-1778517169_gv.webp","Renault Kwid - 2016","47,658 kms / Petrol","₹1,70,000"
"https://teja8.kuikr.com/i4/20260511/Yellow-2011-Tata-Nano-LX-SE---19000-kms-driven-in-Sidhgora-VB201705171774173-ak_LWBP1877884227-1778515800_gv.webp","Tata Nano LX SE - 2011","19,000 kms / Petrol","₹1,10,000"
"https://teja8.kuikr.com/i6/20260512/2010-Maruti-Suzuki-Alto-LXi-BS-III---63000-kms-driven-in-Ajith-Ganj-Colony-VB201705171774173-ak_LWBP2139826016-1778525213_gv.webp","Maruti Suzuki Alto LXi BS III - 2010","63,000 kms / Petrol","₹65,000"
"https://teja8.kuikr.com/i4/20260512/2015-Tata-Nano-Twist-XE---40000-kms-driven-in-Anna-Salai-VB201705171774173-ak_LWBP525132804-1778531286_gv.webp","Tata Nano Twist XE - 2015","40,000 kms / Petrol","₹85,000"
"","Tata Nano Base - 2010","18,000 kms / Petrol / 2nd Owner","₹60,000"
"","Honda City ZX GXi - 2006","94,000 kms / Petrol","₹2,10,000"
"","Maruti Suzuki Alto LXi BSII - 2011","1,05,000 kms / Petrol","₹1,60,000"
"","Honda City ZX GXi - 2006","94,000 kms / Petrol","₹2,10,000"
"","Mahindra Marazzo M2 8 STR - 2023","68,000 kms / Diesel","₹6,50,000"
"","Tata Tiago XZ 1.2 REVOTRON - 2020","57,650 kms / Petrol / 1st Owner","₹5,00,000"
"","Tata Tiago XZ 1.2 REVOTRON - 2020","58,000 kms / Petrol / 1st Owner","₹4,65,000"
"","Toyota Innova 2.5 G Diesel 8 Seater - 2007","2,25,000 kms / Diesel","₹2,65,000"
"","Honda City 1.5 V MT Sunroof - 2014","64,300 kms / Petrol","₹5,70,000"
"","Mahindra XUV 700 - 2024","2,300 kms / Diesel","₹28,50,000"
"","Mahindra KUV100 K6 Plus 6 STR - 2017","54,000 kms / Petrol / 1st Owner","₹3,00,000"
"","Lexus NX 300h Luxury - 2023","16,950 kms / Hybrid","₹72,50,000"
"","Land Rover Discovery Sport HSE Luxury 7 Seater - 2022","9,500 kms / Diesel","₹60,00,000"
"","Mahindra Xylo E4 ABS BS III - 2013","1,28,000 kms / Diesel","₹3,24,000"
"","Maruti Suzuki Zen Estilo LXI Green CNG - 2011","1,02,466 kms / Petrol","₹1,15,000"
"","Maruti Suzuki Ertiga VDi - 2015","2,33,000 kms / Diesel","₹4,25,000"
"","Maruti Suzuki SX4 Celebration Petrol - 2024","5,000 kms / Petrol","₹1,75,000"
"","Hyundai Creta 1.6 SX PLUS DIESEL - 2016","2,19,000 kms / Diesel","₹5,16,000"
"","Mahindra Thar DI 4WD - 2022","51,000 kms / Diesel / 1st Owner","₹11,00,000"
"","Maruti Suzuki Alto 800 Lxi - 2014","62,200 kms / Petrol","₹1,50,000"
"","Kia Seltos HTK Plus 1.5 Diesel - 2024","1,00,000 kms / Diesel","₹15,00,000"
"","Hyundai Santro - 2019","35,000 kms / Petrol / 2nd Owner","₹4,00,000"
"https://teja8.kuikr.com/i4/20260512/Red-2010-Tata-Nano-Base---18000-kms-driven-in-Bamunimaidam-ak_LWBP1527340956-1778548226_gv.webp","Tata Nano Base - 2010","18,000 kms / Petrol / 2nd Owner","₹60,000"
"https://teja8.kuikr.com/i6/20260511/2006-Honda-City-ZX-GXi---94000-kms-driven-in-Ambattur-Industrial-Estate-VB201705171774173-ak_WBP1631746805-1778497874_gv.webp","Honda City ZX GXi - 2006","94,000 kms / Petrol","₹2,10,000"
"https://teja8.kuikr.com/i6/20260511/2011-Maruti-Suzuki-Alto-LXi-BSII---105000-kms-driven-in-Vavol-VB201705171774173-ak_LWBP1157094455-1778497981_gv.webp","Maruti Suzuki Alto LXi BSII - 2011","1,05,000 kms / Petrol","₹1,60,000"
"https://teja8.kuikr.com/i6/20260511/2006-Honda-City-ZX-GXi---94000-kms-driven-in-Ambattur-Industrial-Estate-VB201705171774173-ak_WBP1631746805-1778497874_gv.webp","Honda City ZX GXi - 2006","94,000 kms / Petrol","₹2,10,000"
"https://teja8.kuikr.com/i6/20260511/White-2023-Mahindra-Marazzo-M2-8-STR---68000-kms-driven-in-Ramanthapur-VB201705171774173-ak_WBP1358727716-1778497668_gv.webp","Mahindra Marazzo M2 8 STR - 2023","68,000 kms / Diesel","₹6,50,000"
"https://teja9.kuikr.com/images/car/default-cars.jpeg","Tata Tiago XZ 1.2 REVOTRON - 2020","57,650 kms / Petrol / 1st Owner","₹5,00,000"
"https://teja8.kuikr.com/i6/20260511/Red-2020-Tata-Tiago-XZ-12-REVOTRON---58000-kms-driven-in-Chakan-ak_LWBP74088548-1778490325_gv.webp","Tata Tiago XZ 1.2 REVOTRON - 2020","58,000 kms / Petrol / 1st Owner","₹4,65,000"
"https://teja8.kuikr.com/i4/20260424/Black-2007-Toyota-Innova-25-G-Diesel-8-Seater---225000-kms-driven-in-Wanwadi-VB201705171774173-ak_LWBP1767906237-1777021969_gv.webp","Toyota Innova 2.5 G Diesel 8 Seater - 2007","2,25,000 kms / Diesel","₹2,65,000"
"https://teja8.kuikr.com/i4/20260511/White-2014-Honda-City-15-V-MT-Sunroof---64300-kms-driven-in-Perunduari-VB201705171774173-ak_LWBP214877319-1778482804_gv.webp","Honda City 1.5 V MT Sunroof - 2014","64,300 kms / Petrol","₹5,70,000"
"https://teja8.kuikr.com/i6/20260409/Black-2024-Mahindra-XUV-700---2300-kms-driven-in-Vadapalani-VB201705171774173-ak_WBP50811104-1775690838_gv.webp","Mahindra XUV 700 - 2024","2,300 kms / Diesel","₹28,50,000"
"https://teja9.kuikr.com/images/car/default-cars.jpeg","Mahindra KUV100 K6 Plus 6 STR - 2017","54,000 kms / Petrol / 1st Owner","₹3,00,000"
"https://teja8.kuikr.com/i5/20260409/Silver-2023-Lexus-NX-300h-Luxury---16950-kms-driven-in-Vadapalani-VB201705171774173-ak_WBP998735512-1775745209_gv.webp","Lexus NX 300h Luxury - 2023","16,950 kms / Hybrid","₹72,50,000"
"https://teja8.kuikr.com/i6/20260410/Red-2022-Land-Rover-Discovery-Sport-HSE-Luxury-7-Seater---8250-kms-driven-in-Vadapalani-VB201705171774173-ak_LWBP1222733147-1775769751_gv.webp","Land Rover Discovery Sport HSE Luxury 7 Seater - 2022","9,500 kms / Diesel","₹60,00,000"
"https://teja8.kuikr.com/i6/20260509/2013-Mahindra-Xylo-E4-ABS-BS-III---128000-kms-driven-in-Borbari-VB201705171774173-ak_LWBP973088411-1778330405_gv.webp","Mahindra Xylo E4 ABS BS III - 2013","1,28,000 kms / Diesel","₹3,24,000"
"https://teja8.kuikr.com/i6/20260510/Brown-2011-Maruti-Suzuki-Zen-Estilo-LXI-Green-CNG---102466-kms-driven-in-Nagrota-Bypass-Road-VB201705171774173-ak_LWBP1790816474-1778389752_gv.webp","Maruti Suzuki Zen Estilo LXI Green CNG - 2011","1,02,466 kms / Petrol","₹1,15,000"
"https://teja9.kuikr.com/images/car/default-cars.jpeg","Maruti Suzuki Ertiga VDi - 2015","2,33,000 kms / Diesel","₹4,25,000"
"https://teja8.kuikr.com/i4/20260510/2024-Maruti-Suzuki-SX4-Celebration-Petrol---5000-kms-driven-in-Margao-Colva-main-Road-VB201705171774173-ak_WBP1484141223-1778352440_gv.webp","Maruti Suzuki SX4 Celebration Petrol - 2024","5,000 kms / Petrol","₹1,75,000"
"https://teja8.kuikr.com/i5/20260509/Black-2016-Hyundai-Creta-16-SX-PLUS-DIESEL---219000-kms-driven-in-Avinashi-Road-VB201705171774173-ak_WBP23760160-1778341513_gv.webp","Hyundai Creta 1.6 SX PLUS DIESEL - 2016","2,19,000 kms / Diesel","₹5,16,000"
"https://teja8.kuikr.com/i4/20260510/Red-2022-Mahindra-Thar-DI-4WD---51000-kms-driven-in-Thrippunithura-ak_LWBP1225800111-1778358966_gv.webp","Mahindra Thar DI 4WD - 2022","51,000 kms / Diesel / 1st Owner","₹11,00,000"
"https://teja8.kuikr.com/i4/20260510/2014-Maruti-Suzuki-Alto-800-Lxi---62200-kms-driven-in-VB201705171774173-ak_WBP259965900-1778388369_gv.webp","Maruti Suzuki Alto 800 Lxi - 2014","62,200 kms / Petrol","₹1,50,000"
"https://teja8.kuikr.com/i5/20260510/White-2024-Kia-Seltos-HTK-Plus-15-Diesel---100000-kms-driven-in-Ramavarappadu-VB201705171774173-ak_WBP1175916601-1778401219_gv.webp","Kia Seltos HTK Plus 1.5 Diesel - 2024","1,00,000 kms / Diesel","₹15,00,000"
"https://teja8.kuikr.com/i5/20260510/Beige-2019-Hyundai-Santro---35000-kms-driven-in-ak_LWBP2083617052-1778417137_gv.webp","Hyundai Santro - 2019","35,000 kms / Petrol / 2nd Owner","₹4,00,000"
"https://teja8.kuikr.com/i4/20260510/2008-Hyundai-Santro-Xing-GLS---112264-kms-driven-in-Sirsi-Road-VB201705171774173-ak_WBP1917988575-1778416414_gv.webp","Hyundai Santro Xing GLS - 2008","1,12,264 kms / Petrol","₹97,000"
"","Ford Figo Diesel ZXI - 2013","98,000 kms / Diesel","₹2,60,000"
"","Maruti Suzuki Dzire VDI AMT - 2017","70,000 kms / Diesel","₹4,19,000"
"","Hyundai Eon Magna Plus - 2014","68,000 kms / Petrol","₹2,40,000"
"","Maruti Suzuki Ertiga ZXI Plus - 2014","1,25,000 kms / Petrol","₹4,00,000"
"","Mahindra KUV100 K4 D 6 STR - 2017","1,38,000 kms / Diesel","₹2,40,000"
"","Honda Civic 1.8 V MT Elegance - 2009","1,00,000 kms / CNG / 3rd Owner","₹1,10,000"
"","Tata Sumo Gold GX BS III - 2013","1,52,000 kms / Diesel","₹2,45,000"
"","Tata Tigor Revotron XZ - 2023","22,000 kms / CNG","₹7,00,000"
"","Maruti Suzuki Estilo VXi - 2009","85,860 kms / Petrol / 2nd Owner","₹1,10,000"
"","Hyundai i20 Sportz Petrol - 2016","43,000 kms / Petrol","₹3,40,000"
"","Hyundai i20 Sportz Petrol - 2016","43,000 kms / Petrol","₹3,40,000"
"","Skoda Slavia - 2023","23,125 kms / Petrol / 1st Owner","₹19,00,000"
"","Kia Seltos GTX 1.4 MT - 2021","35,000 kms / Petrol","₹15,00,000"
"","Ford Figo Diesel ZXI - 2013","98,000 kms / Diesel","₹2,60,000"
"","Ford EcoSport Titanium Plus 1.5L TDCi - 2018","73,654 kms / Diesel / 1st Owner","₹5,99,996"
"","Mahindra KUV 100 NXT - 2018","54,000 kms / Petrol / 2nd Owner","₹3,29,999"
"","Ford EcoSport Titanium Plus 1.5L TDCi - 2018","73,654 kms / Diesel / 1st Owner","₹5,99,996"
"","Maruti Suzuki Omni E 8 STR BS IV - 2016","33,000 kms / Petrol","₹3,15,000"
"","Maruti Suzuki Omni E 8 STR BS IV - 2016","33,000 kms / Petrol","₹3,15,000"
"","Tata NEXON EV - 2024","20,500 kms / Electric / 1st Owner","₹15,80,000"
"","Maruti Suzuki Swift VXi - 2023","47,000 kms / CNG / 1st Owner","₹7,25,000"
"","Maruti Suzuki Swift VXi - 2023","47,000 kms / CNG / 1st Owner","₹7,25,000"
"","Renault Kwid RXT 1.0 EASY R AT - 2016","28,500 kms / Petrol","₹3,65,000"
"https://teja8.kuikr.com/i5/20260510/2013-Ford-Figo-Diesel-ZXI---98000-kms-driven-in-Vellalore-VB201705171774173-ak_WBP1846588348-1778411241_gv.webp","Ford Figo Diesel ZXI - 2013","98,000 kms / Diesel","₹2,60,000"
"https://teja8.kuikr.com/i5/20260510/2017-Maruti-Suzuki-Dzire-VDI-AMT---70000-kms-driven-in-Taramandal-VB201705171774173-ak_WBP1413122968-1778419720_gv.webp","Maruti Suzuki Dzire VDI AMT - 2017","70,000 kms / Diesel","₹4,19,000"
"https://teja8.kuikr.com/i6/20260510/White-2014-Hyundai-Eon-Magna-Plus---68000-kms-driven-in-Eiswari-Nagar-VB201705171774173-ak_LWBP795975956-1778430507_gv.webp","Hyundai Eon Magna Plus - 2014","68,000 kms / Petrol","₹2,40,000"
"https://teja8.kuikr.com/i5/20260511/2014-Maruti-Suzuki-Ertiga-ZXI-Plus---125000-kms-driven-in-Chanchal-guda-VB201705171774173-ak_WBP419883268-1778449903_gv.webp","Maruti Suzuki Ertiga ZXI Plus - 2014","1,25,000 kms / Petrol","₹4,00,000"
"https://teja8.kuikr.com/i6/20260511/2017-Mahindra-KUV100-K4-D-6-STR---138000-kms-driven-in-Medipalli-VB201705171774173-ak_WBP1618988243-1778467421_gv.webp","Mahindra KUV100 K4 D 6 STR - 2017","1,38,000 kms / Diesel","₹2,40,000"
"https://teja8.kuikr.com/i5/20260510/White-2009-Honda-Civic-18-V-MT-Elegance---100000-kms-driven-in-ak_LWBP457332970-1778427736_gv.webp","Honda Civic 1.8 V MT Elegance - 2009","1,00,000 kms / CNG / 3rd Owner","₹1,10,000"
"https://teja8.kuikr.com/i6/20260510/2013-Tata-Sumo-Gold-GX-BS-III---152000-kms-driven-in-Thirumala-VB201705171774173-ak_LWBP1628282708-1778436570_gv.webp","Tata Sumo Gold GX BS III - 2013","1,52,000 kms / Diesel","₹2,45,000"
"https://teja8.kuikr.com/i5/20260510/Grey-2023-Tata-Tigor-Revotron-XZ---22000-kms-driven-in-Karond-VB201705171774173-ak_WBP357769513-1778426855_gv.webp","Tata Tigor Revotron XZ - 2023","22,000 kms / CNG","₹7,00,000"
"https://teja8.kuikr.com/i5/20260510/Silver-2009-Maruti-Suzuki-Estilo-VXi---85860-kms-driven-in-Latur-MIDC-ak_LWBP2146926433-1778380817_gv.webp","Maruti Suzuki Estilo VXi - 2009","85,860 kms / Petrol / 2nd Owner","₹1,10,000"
"https://teja8.kuikr.com/i6/20260510/2016-Hyundai-i20-Sportz-Petrol---43000-kms-driven-in-Ballygunge-VB201705171774173-ak_LWBP1985244926-1778410066_gv.webp","Hyundai i20 Sportz Petrol - 2016","43,000 kms / Petrol","₹3,40,000"
"https://teja8.kuikr.com/i6/20260510/2016-Hyundai-i20-Sportz-Petrol---43000-kms-driven-in-Ballygunge-VB201705171774173-ak_LWBP1985244926-1778410066_gv.webp","Hyundai i20 Sportz Petrol - 2016","43,000 kms / Petrol","₹3,40,000"
"https://teja8.kuikr.com/i4/20260510/Grey-2023-Skoda-Slavia---23125-kms-driven-in-Sheshadripuram-ak_LWBP1569292926-1778412905_gv.webp","Skoda Slavia - 2023","23,125 kms / Petrol / 1st Owner","₹19,00,000"
"https://teja8.kuikr.com/i5/20260510/2021-Kia-Seltos-GTX--14-MT---35000-kms-driven-in-Kengeri-Satellite-Town-VB201705171774173-ak_LWBP789343345-1778405632_gv.webp","Kia Seltos GTX 1.4 MT - 2021","35,000 kms / Petrol","₹15,00,000"
"https://teja8.kuikr.com/i5/20260510/2013-Ford-Figo-Diesel-ZXI---98000-kms-driven-in-Vellalore-VB201705171774173-ak_WBP1846588348-1778411241_gv.webp","Ford Figo Diesel ZXI - 2013","98,000 kms / Diesel","₹2,60,000"
"https://teja8.kuikr.com/i4/20260510/Silver-2018-Ford-EcoSport-Titanium-Plus-15L-TDCi---73654-kms-driven-in-ak_LWBP142080075-1778433708_gv.webp","Ford EcoSport Titanium Plus 1.5L TDCi - 2018","73,654 kms / Diesel / 1st Owner","₹5,99,996"
"https://teja8.kuikr.com/i4/20260509/Black-2018-Mahindra-KUV-100-NXT---54000-kms-driven-in-ak_LWBP1334822022-1778334741_gv.webp","Mahindra KUV 100 NXT - 2018","54,000 kms / Petrol / 2nd Owner","₹3,29,999"
"https://teja8.kuikr.com/i4/20260510/Silver-2018-Ford-EcoSport-Titanium-Plus-15L-TDCi---73654-kms-driven-in-ak_LWBP142080075-1778433708_gv.webp","Ford EcoSport Titanium Plus 1.5L TDCi - 2018","73,654 kms / Diesel / 1st Owner","₹5,99,996"
"https://teja8.kuikr.com/i6/20260509/Silver-2016-Maruti-Suzuki-Omni-E-8-STR-BS-IV---33000-kms-driven-in-Dollars-Colony-VB201705171774173-ak_LWBP706961531-1778330549_gv.webp","Maruti Suzuki Omni E 8 STR BS IV - 2016","33,000 kms / Petrol","₹3,15,000"
"https://teja8.kuikr.com/i6/20260509/Silver-2016-Maruti-Suzuki-Omni-E-8-STR-BS-IV---33000-kms-driven-in-Dollars-Colony-VB201705171774173-ak_LWBP706961531-1778330549_gv.webp","Maruti Suzuki Omni E 8 STR BS IV - 2016","33,000 kms / Petrol","₹3,15,000"
"https://teja8.kuikr.com/i6/20260509/Black-2024-Tata-NEXON-EV---20500-kms-driven-in-Sundarpada-ak_LWBP1591385459-1778346475_gv.webp","Tata NEXON EV - 2024","20,500 kms / Electric / 1st Owner","₹15,80,000"
"https://teja8.kuikr.com/i5/20260511/White-2023-Maruti-Suzuki-Swift-VXi---47000-kms-driven-in-Koregaon-Bhima-ak_LWBP1775062117-1778469028_gv.webp","Maruti Suzuki Swift VXi - 2023","47,000 kms / CNG / 1st Owner","₹7,25,000"
"https://teja8.kuikr.com/i6/20260510/White-2023-Maruti-Suzuki-Swift-VXi---47000-kms-driven-in-ak_LWBP454411493-1778437478_gv.webp","Maruti Suzuki Swift VXi - 2023","47,000 kms / CNG / 1st Owner","₹7,25,000"
"","Maruti Suzuki Omni E 8 STR BS IV - 2016","33,000 kms / Petrol","₹3,15,000"
"","Mahindra KUV 100 NXT - 2018","54,000 kms / Petrol / 2nd Owner","₹3,29,999"
"","Hyundai i10 Magna 1.2 - 2011","56,000 kms / Petrol","₹81,000"
"","MG Motors Astor - 2024","18,500 kms / Electric","₹8,00,000"
"","Tata Nexon XZ Plus - 2021","53,000 kms / Electric","₹8,15,000"
"","Honda City 1.5 V Inspire - 2016","75,000 kms / CNG / 2nd Owner","₹5,30,000"
"","Renault Kiger RXZ AMT Dual Tone - 2021","45,400 kms / Petrol","₹6,50,000"
"","Maruti Suzuki Wagon R Duo Lxi - 2023","1,35,000 kms / CNG / 1st Owner","₹4,75,000"
"","Honda Amaze 1.2 SX MT I VTEC - 2018","1,23,000 kms / Petrol","₹5,05,000"
"","Toyota Innova 2.5 G 7 STR BS IV - 2015","1,62,356 kms / Diesel","₹8,50,000"
"","Volkswagen Vento Comfortline Diesel - 2018","1,18,000 kms / Diesel / 1st Owner","₹6,25,000"
"","Maruti Suzuki Swift ZXI ABS - 2024","7,790 kms / Petrol","₹9,30,000"
"","Audi A4 30 TFSI Technology Pack - 2023","23,000 kms / Petrol","₹39,65,000"
"","Maruti Suzuki Swift Dzire ZXi 1.2 BS IV - 2011","50,000 kms / CNG","₹1,30,000"
"","Honda Amaze 1.2 V CVT I VTEC - 2024","15,030 kms / Petrol","₹9,25,000"
"","Ford EcoSport Titanium 1.5L TDCi - 2018","71,000 kms / Diesel","₹5,99,999"
"","Maruti Suzuki Ritz VDi - 2011","59,000 kms / Diesel","₹1,90,000"
"","Maruti Suzuki Celerio ZXi AMT - 2015","37,800 kms / Petrol","Ask For Price"
"","Toyota Innova Crysta 2.8 ZX AT 7 STR - 2019","60,000 kms / Diesel / 1st Owner","₹16,74,996"
"","Toyota Innova Crysta 2.8 ZX AT 7 STR - 2019","60,000 kms / Diesel / 1st Owner","₹16,74,996"
"","Maruti Suzuki Ertiga Vxi CNG - 2014","80,000 kms / CNG","₹6,00,000"
"","Maruti Suzuki FRONX - 2024","50,000 kms / Petrol","₹6,90,000"
"","Mahindra Scorpio VLX 2.2 mHawk Airbag BSIV - 2014","1,12,600 kms / Diesel / 2nd Owner","₹5,99,999"
"","Mahindra Bolero LX Non AC - 2009","1,28,248 kms / Diesel / 2nd Owner","₹3,10,000"
"https://teja8.kuikr.com/i6/20260509/2016-Renault-Kwid-RXT-10-EASY-R-AT---28500-kms-driven-in-Lingarajapuram-VB201705171774173-ak_WBP898807163-1778339180_gv.webp","Renault Kwid RXT 1.0 EASY R AT - 2016","28,500 kms / Petrol","₹3,65,000"
"https://teja8.kuikr.com/i6/20260509/Silver-2016-Maruti-Suzuki-Omni-E-8-STR-BS-IV---33000-kms-driven-in-Dollars-Colony-VB201705171774173-ak_LWBP706961531-1778330549_gv.webp","Maruti Suzuki Omni E 8 STR BS IV - 2016","33,000 kms / Petrol","₹3,15,000"
"https://teja8.kuikr.com/i4/20260509/Black-2018-Mahindra-KUV-100-NXT---54000-kms-driven-in-Kovur-ak_LWBP1334822022-1778334741_gv.webp","Mahindra KUV 100 NXT - 2018","54,000 kms / Petrol / 2nd Owner","₹3,29,999"
"https://teja8.kuikr.com/i6/20260502/2011-Hyundai-i10-Magna-12---56000-kms-driven-in-Seelampur-VB201705171774173-ak_LWBP330421379-1777737237_gv.webp","Hyundai i10 Magna 1.2 - 2011","56,000 kms / Petrol","₹81,000"
"https://teja8.kuikr.com/i5/20260509/White-2024-MG-Motors-Astor---18500-kms-driven-in-Kondapur-VB201705171774173-ak_LWBP2058555142-1778322608_gv.webp","MG Motors Astor - 2024","18,500 kms / Electric","₹8,00,000"
"https://teja8.kuikr.com/i5/20260509/2021-Tata-Nexon-XZ-Plus---53000-kms-driven-in-Ajni-VB201705171774173-ak_WBP1530725596-1778323432_gv.webp","Tata Nexon XZ Plus - 2021","53,000 kms / Electric","₹8,15,000"
"https://teja8.kuikr.com/i5/20260509/Purple-2016-Honda-City-15-V-Inspire---75000-kms-driven-in-ak_LWBP961670803-1778318901_gv.webp","Honda City 1.5 V Inspire - 2016","75,000 kms / CNG / 2nd Owner","₹5,30,000"
"https://teja8.kuikr.com/i4/20260509/Brown-2021-Renault-Kiger-RXZ-AMT-Dual-Tone---45400-kms-driven-in-Srirangam-VB201705171774173-ak_LWBP1451410680-1778317725_gv.webp","Renault Kiger RXZ AMT Dual Tone - 2021","45,400 kms / Petrol","₹6,50,000"
"https://teja8.kuikr.com/i4/20260509/White-2023-Maruti-Suzuki-Wagon-R-Duo-Lxi---135000-kms-driven-in-Kodambakkam-ak_LWBP1961806842-1778316474_gv.webp","Maruti Suzuki Wagon R Duo Lxi - 2023","1,35,000 kms / CNG / 1st Owner","₹4,75,000"
"https://teja8.kuikr.com/i5/20260509/2018-Honda-Amaze-12-SX-MT-I-VTEC---123000-kms-driven-in-Bamrauli-VB201705171774173-ak_WBP1800449794-1778313656_gv.webp","Honda Amaze 1.2 SX MT I VTEC - 2018","1,23,000 kms / Petrol","₹5,05,000"
"https://teja8.kuikr.com/i5/20260507/Grey-2015-Toyota-Innova-25-G-7-STR-BS-IV---162356-kms-driven-in-Pimpri-Chinchwad-VB201705171774173-ak_LWBP1810282354-1778159490_gv.webp","Toyota Innova 2.5 G 7 STR BS IV - 2015","1,62,356 kms / Diesel","₹8,50,000"
"https://teja8.kuikr.com/i5/20260407/White-2018-Volkswagen-Vento-Comfortline-Diesel---118000-kms-driven-in-Hormavu-ak_LWBP2042376421-1775581615_gv.webp","Volkswagen Vento Comfortline Diesel - 2018","1,18,000 kms / Diesel / 1st Owner","₹6,25,000"
"https://teja8.kuikr.com/i6/20260407/Red-2024-Maruti-Suzuki-Swift-ZXI-ABS---7790-kms-driven-in-Vadapalani-VB201705171774173-ak_LWBP310033613-1775568193_gv.webp","Maruti Suzuki Swift ZXI ABS - 2024","7,790 kms / Petrol","₹9,30,000"
"https://teja8.kuikr.com/i6/20260407/Black-2023-Audi-A4-30-TFSI-Technology-Pack---23000-kms-driven-in-Vadapalani-VB201705171774173-ak_WBP161392580-1775566378_gv.webp","Audi A4 30 TFSI Technology Pack - 2023","23,000 kms / Petrol","₹39,65,000"
"https://teja8.kuikr.com/i6/20260509/2011-Maruti-Suzuki-Swift-Dzire-ZXi-12-BS-IV---50000-kms-driven-in-Krishna-Nagar-VB201705171774173-ak_LWBP992964083-1778297813_gv.webp","Maruti Suzuki Swift Dzire ZXi 1.2 BS IV - 2011","50,000 kms / CNG","₹1,30,000"
"https://teja8.kuikr.com/i6/20260508/2024-Honda-Amaze-12-V-CVT-I-VTEC---15030-kms-driven-in-Sector-150-VB201705171774173-ak_WBP704772947-1778254392_gv.webp","Honda Amaze 1.2 V CVT I VTEC - 2024","15,030 kms / Petrol","₹9,25,000"
"https://teja8.kuikr.com/i5/20260508/White-2018-Ford-EcoSport-Titanium-15L-TDCi---71000-kms-driven-in-NH-47-VB201705171774173-ak_WBP543978847-1778253849_gv.webp","Ford EcoSport Titanium 1.5L TDCi - 2018","71,000 kms / Diesel","₹5,99,999"
"https://teja9.kuikr.com/images/car/default-cars.jpeg","Maruti Suzuki Ritz VDi - 2011","59,000 kms / Diesel","₹1,90,000"
"https://teja8.kuikr.com/i4/20260506/Silver-2015-Maruti-Suzuki-Celerio-ZXi-AMT---37800-kms-driven-in-Kumbalam-VB201705171774173-ak_WBP2098142478-1778037842_gv.webp","Maruti Suzuki Celerio ZXi AMT - 2015","37,800 kms / Petrol","Ask For Price"
"https://teja8.kuikr.com/i6/20260508/Grey-2019-Toyota-Innova-Crysta-28-ZX-AT-7-STR---60000-kms-driven-in-ak_LWBP817986758-1778243009_gv.webp","Toyota Innova Crysta 2.8 ZX AT 7 STR - 2019","60,000 kms / Diesel / 1st Owner","₹16,74,996"
"https://teja8.kuikr.com/i5/20260508/Grey-2019-Toyota-Innova-Crysta-28-ZX-AT-7-STR---60000-kms-driven-in-ak_LWBP1265724460-1778242882_gv.webp","Toyota Innova Crysta 2.8 ZX AT 7 STR - 2019","60,000 kms / Diesel / 1st Owner","₹16,74,996"
"https://teja8.kuikr.com/i6/20260508/2014-Maruti-Suzuki-Ertiga-Vxi-CNG---80000-kms-driven-in-VB201705171774173-ak_WBP1743512153-1778241015_gv.webp","Maruti Suzuki Ertiga Vxi CNG - 2014","80,000 kms / CNG","₹6,00,000"
"https://teja8.kuikr.com/i4/20260508/2024-Maruti-Suzuki-FRONX---50000-kms-driven-in-Bulara-VB201705171774173-ak_LWBP527067180-1778235978_gv.webp","Maruti Suzuki FRONX - 2024","50,000 kms / Petrol","₹6,90,000"
"https://teja8.kuikr.com/i6/20260508/White-2014-Mahindra-Scorpio-VLX-22-mHawk-Airbag-BSIV---112600-kms-driven-in-Wadgaon-Sheri-ak_LWBP623789336-1778231818_gv.webp","Mahindra Scorpio VLX 2.2 mHawk Airbag BSIV - 2014","1,12,600 kms / Diesel / 2nd Owner","₹5,99,999"
"https://teja8.kuikr.com/i5/20260508/White-2009-Mahindra-Bolero-LX-Non-AC---128248-kms-driven-in-ak_LWBP1271129161-1778217918_gv.webp","Mahindra Bolero LX Non AC - 2009","1,28,248 kms / Diesel / 2nd Owner","₹3,10,000"
"https://teja8.kuikr.com/i6/20260508/Black-2024-Hyundai-Creta-16-SX---11000-kms-driven-in-Gandhi-Nagar-ak_LWBP1129959713-1778215541_gv.webp","Hyundai Creta 1.6 SX - 2024","11,000 kms / Petrol / 1st Owner","₹12,00,000"
"https://teja8.kuikr.com/i6/20260507/White-2017-Hyundai-i20-Active-12-S---37300-kms-driven-in-Kochi-ak_LWBP2116693679-1778159834_gv.webp","Hyundai i20 Active 1.2 S - 2017","37,300 kms / Petrol / 1st Owner","₹4,90,000"
"https://teja8.kuikr.com/i4/20260507/Red-2016-Datsun-GO-T---67750-kms-driven-in-Ravet-ak_LWBP1261959363-1778163027_gv.webp","Datsun GO T - 2016","67,750 kms / Petrol / 2nd Owner","₹2,00,000"
"https://teja8.kuikr.com/i6/20260508/Other-2019-Renault-Kwid---23000-kms-driven-in-Bhadaj-ak_LWBP1702335527-1778211236_gv.webp","Renault Kwid - 2019","23,000 kms / Petrol / 2nd Owner","₹2,80,000"
"https://teja8.kuikr.com/i5/20260507/Silver-2012-Maruti-Suzuki-A-Star-Vxi-ABS-AT---63500-kms-driven-in-Tharabanahalli-ak_LWBP523751452-1778169070_gv.webp","Maruti Suzuki A Star Vxi ABS AT - 2012","63,500 kms / Petrol / 1st Owner","₹2,50,000"
"https://teja8.kuikr.com/i6/20260507/2017-Toyota-Fortuner-4x2-AT---130000-kms-driven-in-Airport-VB201705171774173-ak_WBP46324577-1778171517_gv.webp","Toyota Fortuner 4x2 AT - 2017","1,30,000 kms / Diesel","₹20,00,000"
"","Maruti Suzuki Alto K10 LXi CNG - 2012","1,98,000 kms / CNG / 1st Owner","₹1,65,000"
"","Kia Carens - 2023","80,000 kms / Petrol / 1st Owner","₹10,50,000"
"","Maruti Suzuki Alto 800 - 2014","1,00,000 kms / Petrol / 2nd Owner","₹22,50,000"
"","Maruti Suzuki Swift VXI BSIII - 2023","40,000 kms / Petrol","₹6,72,000"
"","Maruti Suzuki Ertiga Vxi CNG - 2021","1,08,000 kms / CNG","₹8,50,000"
"","Datsun RediGo S - 2018","86,000 kms / Petrol","₹1,83,000"
"","Maruti Suzuki Vitara Brezza ZXI  - 2024","0 kms / Petrol","₹10,00,000"
"","Maruti Suzuki Maruti 800 AC - 2013","60,000 kms / Petrol","₹1,15,000"
"","Maruti Suzuki Wagon R 1.0 LXi CNG - 2011","70,000 kms / CNG","₹1,35,000"
"","Hyundai i20 Asta 1.4 CRDI - 2012","71,000 kms / Diesel","₹5,10,000"
"","Hyundai i20 SPORTZ 1.2 VTVT - 2017","90,000 kms / Petrol","₹4,50,000"
"","Maruti Suzuki Zen Estilo LXI Green CNG - 2010","70,000 kms / Petrol","₹1,15,000"
"","Maruti Suzuki S PRESSO - 2024","42,000 kms / Petrol","₹4,60,000"
"","Maruti Suzuki Alto 800 Lxi - 2014","85,000 kms / Petrol","₹1,50,000"
"","Hyundai i10 Magna 1.2 Kappa2 - 2011","45,000 kms / Petrol","₹1,50,000"
"","Toyota Innova Crysta - 2016","64,500 kms / Diesel","₹11,00,000"
"","Fiat Punto Sport 1.3 - 2017","1,00,000 kms / Diesel","₹2,75,000"
"","Mahindra TUV300 T8 AMT - 2016","78,000 kms / Diesel / 2nd Owner","₹5,95,000"
"https://teja8.kuikr.com/i4/20260508/White-2012-Maruti-Suzuki-Alto-K10-LXi-CNG---198000-kms-driven-in-Jam-Khambhaliya-Road-ak_LWBP731457402-1778183569_gv.webp","Maruti Suzuki Alto K10 LXi CNG - 2012","1,98,000 kms / CNG / 1st Owner","₹1,65,000"
"https://teja8.kuikr.com/i6/20260508/White-2023-Kia-Carens---80000-kms-driven-in-Mangamuru-Road-ak_LWBP2146654517-1778214380_gv.webp","Kia Carens - 2023","80,000 kms / Petrol / 1st Owner","₹10,50,000"
"https://teja8.kuikr.com/i4/20260507/White-2014-Maruti-Suzuki-Alto-800---100000-kms-driven-in-ak_LWBP1848136185-1778156479_gv.webp","Maruti Suzuki Alto 800 - 2014","1,00,000 kms / Petrol / 2nd Owner","₹22,50,000"
"https://teja9.kuikr.com/images/car/default-cars.jpeg","Maruti Suzuki Swift VXI BSIII - 2023","40,000 kms / Petrol","₹6,72,000"
"https://teja8.kuikr.com/i6/20260507/Grey-2021-Maruti-Suzuki-Ertiga-Vxi-CNG---108000-kms-driven-in-Sector-23-VB201705171774173-ak_WBP301013375-1778133432_gv.webp","Maruti Suzuki Ertiga Vxi CNG - 2021","1,08,000 kms / CNG","₹8,50,000"
"https://teja8.kuikr.com/i4/20260507/Silver-2018-Datsun-RediGo-S---86000-kms-driven-in-Civil-Lines-South-VB201705171774173-ak_LWBP130702374-1778146945_gv.webp","Datsun RediGo S - 2018","86,000 kms / Petrol","₹1,83,000"
"https://teja8.kuikr.com/i6/20260414/2024-Maruti-Suzuki-Vitara-Brezza-ZXI-----0-kms-driven-in-Neelankarai-VB201705171774173-ak_LWBP2107569449-1776132477_gv.webp","Maruti Suzuki Vitara Brezza ZXI  - 2024","0 kms / Petrol","₹10,00,000"
"https://teja8.kuikr.com/i6/20260506/2013-Maruti-Suzuki-Maruti-800-AC---60000-kms-driven-in-Jammu-Tawi-VB201705171774173-ak_WBP319610804-1778057382_gv.webp","Maruti Suzuki Maruti 800 AC - 2013","60,000 kms / Petrol","₹1,15,000"
"https://teja8.kuikr.com/i5/20260506/Other-2011-Maruti-Suzuki-Wagon-R-10-LXi-CNG---70000-kms-driven-in-Sector-62A-VB201705171774173-ak_LWBP1971084961-1778079302_gv.webp","Maruti Suzuki Wagon R 1.0 LXi CNG - 2011","70,000 kms / CNG","₹1,35,000"
"https://teja8.kuikr.com/i4/20260506/Silver-2012-Hyundai-i20-Asta-14-CRDI---71000-kms-driven-in-Manikonda-VB201705171774173-ak_LWBP633511296-1778072492_gv.webp","Hyundai i20 Asta 1.4 CRDI - 2012","71,000 kms / Diesel","₹5,10,000"
"https://teja8.kuikr.com/i4/20260506/2017-Hyundai-i20-SPORTZ-12-VTVT---90000-kms-driven-in-Idgah-Hills-VB201705171774173-ak_WBP315918444-1778080324_gv.webp","Hyundai i20 SPORTZ 1.2 VTVT - 2017","90,000 kms / Petrol","₹4,50,000"
"https://teja8.kuikr.com/i6/20260507/Grey-2010-Maruti-Suzuki-Zen-Estilo-LXI-Green-CNG---70000-kms-driven-in-Main-Inclin-Road-VB201705171774173-ak_WBP980414087-1778127088_gv.webp","Maruti Suzuki Zen Estilo LXI Green CNG - 2010","70,000 kms / Petrol","₹1,15,000"
"https://teja8.kuikr.com/i5/20260506/Grey-2024-Maruti-Suzuki-S-PRESSO---42000-kms-driven-in-Konavattam-VB201705171774173-ak_LWBP2121745549-1778089470_gv.webp","Maruti Suzuki S PRESSO - 2024","42,000 kms / Petrol","₹4,60,000"
"https://teja8.kuikr.com/i5/20260507/Granite-Grey-2014-Maruti-Suzuki-Alto-800-Lxi---85000-kms-driven-in-Sohna-Sector-2-VB201705171774173-ak_LWBP1596910675-1778120606_gv.webp","Maruti Suzuki Alto 800 Lxi - 2014","85,000 kms / Petrol","₹1,50,000"
"https://teja8.kuikr.com/i4/20260501/2011-Hyundai-i10-Magna-12-Kappa2---45000-kms-driven-in-Sector-53-VB201705171774173-ak_LWBP391044369-1777612032_gv.webp","Hyundai i10 Magna 1.2 Kappa2 - 2011","45,000 kms / Petrol","₹1,50,000"
"https://teja8.kuikr.com/i4/20260506/Silver-2016-Toyota-Innova-Crysta---64500-kms-driven-in-Pitampura-VB201705171774173-ak_LWBP1521116427-1778063559_gv.webp","Toyota Innova Crysta - 2016","64,500 kms / Diesel","₹11,00,000"
"https://teja8.kuikr.com/i4/20260506/Brown-2017-Fiat-Punto-Sport-13---100000-kms-driven-in-Sidhra-VB201705171774173-ak_WBP25678785-1778068926_gv.webp","Fiat Punto Sport 1.3 - 2017","1,00,000 kms / Diesel","₹2,75,000"
"https://teja8.kuikr.com/i6/20260506/Silver-2016-Mahindra-TUV300-T8-AMT---78000-kms-driven-in-Yeshwanthpur-ak_LWBP169990715-1778061011_gv.webp","Mahindra TUV300 T8 AMT - 2016","78,000 kms / Diesel / 2nd Owner","₹5,95,000"
"","Maruti Suzuki Swift 2017 - 2013","76,130 kms / Diesel","₹3,60,000"
"https://teja8.kuikr.com/i6/20260506/White-2013-Volkswagen-Polo-Diesel-Highline---88700-kms-driven-in-ak_LWBP699567173-1778059568_gv.webp","Volkswagen Polo Diesel Highline - 2013","88,700 kms / Diesel / 2nd Owner","₹4,25,000"
"https://teja8.kuikr.com/i6/20260506/2009-Honda-City-15-S-MT---101480-kms-driven-in-Wadala-West-VB201705171774173-ak_LWBP752491874-1778054500_gv.webp","Honda City 1.5 S MT - 2009","1,01,480 kms / Petrol","₹1,90,000"
"https://teja8.kuikr.com/i6/20260506/2009-Honda-City-15-S-MT---101480-kms-driven-in-Wadala-West-VB201705171774173-ak_LWBP752491874-1778054500_gv.webp","Honda City 1.5 S MT - 2009","1,01,480 kms / Petrol","₹1,90,000"
"https://teja9.kuikr.com/images/car/default-cars.jpeg","Maruti Suzuki Alto K10 VXi AMT - 2017","68,000 kms / Petrol","₹2,65,000"
"https://teja8.kuikr.com/i4/20260506/White-2012-Tata-Indica-Vista-Aura-Plus-13-Quadrajet-BS-IV---100000-kms-driven-in-Chamravattom-VB201705171774173-ak_LWBP1206791418-1778051688_gv.webp","Tata Indica Vista Aura Plus 1.3 Quadrajet BS IV - 2012","1,00,000 kms / Diesel","₹1,15,000"
"https://teja8.kuikr.com/i4/20260402/White-2018-Toyota-Fortuner-28-4x4-AT---163000-kms-driven-in-Naganalli-VB201705171774173-ak_LWBP1455276066-1775115938_gv.webp","Toyota Fortuner 2.8 4x4 AT - 2018","1,63,000 kms / Diesel","₹17,00,000"
"","Maruti Suzuki Alto 800 Lxi Airbag - 2020","95,000 kms / Hybrid","₹2,90,000"
"","Honda City 1.5 V AT - 2010","89,653 kms / Petrol","₹2,35,000"
"","Hyundai i20 Asta 1.2 with AVN - 2010","88,000 kms / Petrol","₹2,00,000"
"","Honda City 1.5 V AT - 2010","89,653 kms / Petrol","₹2,35,000"
"","Maruti Suzuki Wagon R - 2018","34,927 kms / Petrol","Ask For Price"
"","Skoda Fabia Scout Scout 1.2 TDI - 2008","85,000 kms / Petrol / 3rd Owner","₹1,60,000"
"","Skoda Fabia Scout Scout 1.2 MPI - 2008","85,000 kms / Petrol / 3rd Owner","₹1,60,000"
"","Maruti Suzuki Vitara Brezza - 2020","75,000 kms / Petrol","₹6,40,000"
"","Maruti Suzuki Wagon R LXi Minor - 2018","1,85,000 kms / CNG","₹2,50,000"
"","Skoda Slavia 1.0 TSI Style - 2022","67,000 kms / Petrol / 1st Owner","₹13,00,000"
"","Mahindra XUV 300 W6 - 2022","39,500 kms / Petrol / 1st Owner","₹8,50,000"
"","Maruti Suzuki Zen - 2007","10,000 kms / Petrol","₹1,20,000"
"","Maruti Suzuki Zen - 2007","10,000 kms / Petrol","₹1,20,000"
"","Hyundai i10 Sportz 1.2 - 2010","1,12,000 kms / Petrol / 3rd Owner","₹1,39,998"
"","Hyundai Grand i10 MAGNA 1.2 VTVT - 2017","64,000 kms / Petrol","₹3,30,000"
"","Honda City 1.5 V MT - 2022","2,750 kms / Petrol","₹12,75,000"
"","Mahindra XUV 700 - 2024","5,000 kms / Petrol","₹26,85,000"
"https://teja8.kuikr.com/i6/20260506/2020-Maruti-Suzuki-Alto-800-Lxi-Airbag---95000-kms-driven-in-VB201705171774173-ak_LWBP323074142-1778046024_gv.webp","Maruti Suzuki Alto 800 Lxi Airbag - 2020","95,000 kms / Hybrid","₹2,90,000"
"https://teja8.kuikr.com/i4/20260506/2010-Honda-City-15-V-AT---89653-kms-driven-in-Vanastali-Puram-VB201705171774173-ak_LWBP1036636938-1778031935_gv.webp","Honda City 1.5 V AT - 2010","89,653 kms / Petrol","₹2,35,000"
"https://teja8.kuikr.com/i6/20260506/2010-Hyundai-i20-Asta-12-with-AVN---88000-kms-driven-in-VB201705171774173-ak_LWBP1512886133-1778018644_gv.webp","Hyundai i20 Asta 1.2 with AVN - 2010","88,000 kms / Petrol","₹2,00,000"
"https://teja8.kuikr.com/i4/20260506/2010-Honda-City-15-V-AT---89653-kms-driven-in-Vanastali-Puram-VB201705171774173-ak_LWBP1036636938-1778031935_gv.webp","Honda City 1.5 V AT - 2010","89,653 kms / Petrol","₹2,35,000"
"https://teja8.kuikr.com/i4/20260506/2018-Maruti-Suzuki-Wagon-R---34927-kms-driven-in-Powai-VB201705171774173-ak_WBP659236140-1778029259_gv.webp","Maruti Suzuki Wagon R - 2018","34,927 kms / Petrol","Ask For Price"
"https://teja9.kuikr.com/images/car/default-cars.jpeg","Skoda Fabia Scout Scout 1.2 TDI - 2008","85,000 kms / Petrol / 3rd Owner","₹1,60,000"
"https://teja8.kuikr.com/i4/20260505/Beige-2008-Skoda-Fabia-Scout-Scout-12-MPI---85000-kms-driven-in-Mittoor-ak_LWBP120612141-1777993229_gv.webp","Skoda Fabia Scout Scout 1.2 MPI - 2008","85,000 kms / Petrol / 3rd Owner","₹1,60,000"
"https://teja8.kuikr.com/i4/20260506/White-2020-Maruti-Suzuki-Vitara-Brezza---75000-kms-driven-in-Bawadda-VB201705171774173-ak_LWBP1257939993-1778040773_gv.webp","Maruti Suzuki Vitara Brezza - 2020","75,000 kms / Petrol","₹6,40,000"
"https://teja9.kuikr.com/images/car/default-cars.jpeg","Maruti Suzuki Wagon R LXi Minor - 2018","1,85,000 kms / CNG","₹2,50,000"
"https://teja8.kuikr.com/i6/20260505/Grey-2022-Skoda-Slavia-10-TSI-Style---67000-kms-driven-in-HimayatNagar-ak_LWBP650512817-1777981092_gv.webp","Skoda Slavia 1.0 TSI Style - 2022","67,000 kms / Petrol / 1st Owner","₹13,00,000"
"https://teja8.kuikr.com/i5/20260505/Red-2022-Mahindra-XUV-300-W6---39500-kms-driven-in-Ramanathapuram-ak_LWBP528712819-1777977598_gv.webp","Mahindra XUV 300 W6 - 2022","39,500 kms / Petrol / 1st Owner","₹8,50,000"
"https://teja8.kuikr.com/i4/20260505/2007-Maruti-Suzuki-Zen---10000-kms-driven-in-Marathahalli-VB201705171774173-ak_LWBP1805106822-1777970033_gv.webp","Maruti Suzuki Zen - 2007","10,000 kms / Petrol","₹1,20,000"
"https://teja8.kuikr.com/i4/20260505/2007-Maruti-Suzuki-Zen---10000-kms-driven-in-Marathahalli-VB201705171774173-ak_LWBP1805106822-1777970033_gv.webp","Maruti Suzuki Zen - 2007","10,000 kms / Petrol","₹1,20,000"
"https://teja8.kuikr.com/i4/20260505/Other-2010-Hyundai-i10-Sportz-12---112000-kms-driven-in-Mumbai-Naka-ak_WBP1275569655-1777967899_gv.webp","Hyundai i10 Sportz 1.2 - 2010","1,12,000 kms / Petrol / 3rd Owner","₹1,39,998"
"https://teja8.kuikr.com/i6/20260505/Grey-2017-Hyundai-Grand-i10-MAGNA-12-VTVT---64000-kms-driven-in-Chakarata-Road-VB201705171774173-ak_LWBP603253082-1777965918_gv.webp","Hyundai Grand i10 MAGNA 1.2 VTVT - 2017","64,000 kms / Petrol","₹3,30,000"
"https://teja8.kuikr.com/i5/20260405/White-2022-Honda-City-15-V-MT---2750-kms-driven-in-Vadapalani-VB201705171774173-ak_LWBP366809014-1775336843_gv.webp","Honda City 1.5 V MT - 2022","2,750 kms / Petrol","₹12,75,000"
"https://teja8.kuikr.com/i4/20260405/Blue-2024-Mahindra-XUV-700---5000-kms-driven-in-Vadapalani-VB201705171774173-ak_WBP374235945-1775338229_gv.webp","Mahindra XUV 700 - 2024","5,000 kms / Petrol","₹26,85,000"
"https://teja8.kuikr.com/i5/20260504/2017-Hyundai-Tucson-2WD-AT-GL-Petrol---110000-kms-driven-in-Mota-Mava-VB201705171774173-ak_LWBP1883553742-1777903320_gv.webp","Hyundai Tucson 2WD AT GL Petrol - 2017","1,10,000 kms / Petrol","₹7,00,000"
"https://teja8.kuikr.com/i6/20260505/2023-Tata-NEXON-EV---44100-kms-driven-in-Begur-Road-VB201705171774173-ak_LWBP680909831-1777957095_gv.webp","Tata NEXON EV - 2023","44,100 kms / Petrol","₹10,50,000"
"https://teja8.kuikr.com/i5/20260505/Red-2009-Hyundai-i10-Sportz-12---72000-kms-driven-in-Jahangirabad-VB201705171774173-ak_LWBP1243842664-1777921681_gv.webp","Hyundai i10 Sportz 1.2 - 2009","72,000 kms / Petrol","₹1,70,000"
"https://teja8.kuikr.com/i4/20260504/White-2022-Maruti-Suzuki-Ciaz-DELTA-15-SHVS-VVT-MT---56000-kms-driven-in-Sama-Savil-Road-VB201705171774173-ak_LWBP1285301100-1777905177_gv.webp","Maruti Suzuki Ciaz DELTA 1.5 SHVS VVT MT - 2022","56,000 kms / Petrol","₹7,50,000"
"https://teja8.kuikr.com/i5/20260504/White-2011-Maruti-Suzuki-Alto-LXi---56000-kms-driven-in-Rajeev-Nagar-ak_LWBP2144859478-1777910192_gv.webp","Maruti Suzuki Alto LXi - 2011","56,000 kms / Petrol / 2nd Owner","₹1,20,000"
"","Mahindra Thar CRDe 4x4 AC - 2016","99,720 kms / Diesel / 3rd Owner","₹5,00,000"
"","Hyundai Fluidic Verna 1.4 CRDi - 2012","95,000 kms / Diesel / 2nd Owner","₹3,40,000"
"","Maruti Suzuki Eeco 7 STR - 2019","45,000 kms / Petrol","₹4,40,000"
"","Mahindra XUV500 - 2017","1,65,000 kms / Diesel","₹5,99,000"
"","Maruti Suzuki Eeco 7 STR - 2019","45,000 kms / Petrol","₹4,50,000"
"","Hyundai i10 Magna 1.1 LPG - 2013","63,000 kms / Petrol","₹2,58,000"
"","Hyundai i10 Magna 1.1 LPG - 2013","63,000 kms / Petrol","₹2,58,000"
"","Hyundai i20 Sportz Diesel - 2012","1,90,000 kms / Diesel / 3rd Owner","₹1,90,000"
"","Hyundai i20 Sportz Diesel - 2012","1,80,000 kms / Diesel / 3rd Owner","₹2,39,000"
"","Maruti Suzuki Swift Dzire Tour LDi - 2016","1,20,000 kms / Diesel","₹3,05,000"
"","Tata NEXON EV - 2022","60,000 kms / Electric","₹7,70,000"
"","Maruti Suzuki Wagon R 1.0 Vxi ABS Airbag - 2013","1,31,000 kms / CNG","₹2,10,000"
"","Mahindra Quanto C8 - 2012","1,43,000 kms / Diesel / 3rd Owner","₹3,50,000"
"","Maruti Suzuki Swift Dzire VXI AT - 2024","25,000 kms / CNG","₹6,80,000"
"","Maruti Suzuki Eeco Smiles 5 Seater AC - 2011","1,10,000 kms / Petrol","₹3,15,000"
"","Maruti Suzuki Ertiga VXI SMART HYBRID - 2024","17,000 kms / Petrol","₹10,21,000"
"","MG Motors Hector Plus - 2022","11,800 kms / Diesel / 1st Owner","₹20,50,000"
"","Hyundai Kona Electric Premium - 2024","29,300 kms / Electric","₹15,00,000"
"","Hyundai Santa Fe 4 WD AT - 2014","95,700 kms / Diesel","₹4,30,000"
"https://teja8.kuikr.com/i4/20260504/Black-2016-Mahindra-Thar-CRDe-4x4-AC---99720-kms-driven-in-Heera-Singh-Nagar-ak_LWBP1129421031-1777906044_gv.webp","Mahindra Thar CRDe 4x4 AC - 2016","99,720 kms / Diesel / 3rd Owner","₹5,00,000"
"https://teja8.kuikr.com/i5/20260505/Other-2012-Hyundai-Fluidic-Verna-14-CRDi---95000-kms-driven-in-Ashoka-Garden-ak_LWBP1305495214-1777956001_gv.webp","Hyundai Fluidic Verna 1.4 CRDi - 2012","95,000 kms / Diesel / 2nd Owner","₹3,40,000"
"https://teja9.kuikr.com/images/car/default-cars.jpeg","Maruti Suzuki Eeco 7 STR - 2019","45,000 kms / Petrol","₹4,40,000"
"https://teja8.kuikr.com/i4/20260505/2017-Mahindra-XUV500---165000-kms-driven-in-Uppal-VB201705171774173-ak_LWBP1509694629-1777947834_gv.webp","Mahindra XUV500 - 2017","1,65,000 kms / Diesel","₹5,99,000"
"https://teja8.kuikr.com/i4/20260502/2019-Maruti-Suzuki-Eeco-7-STR---45000-kms-driven-in-Nagarbhavi-VB201705171774173-ak_LWBP1365721440-1777705959_gv.webp","Maruti Suzuki Eeco 7 STR - 2019","45,000 kms / Petrol","₹4,50,000"
"https://teja8.kuikr.com/i4/20260504/2013-Hyundai-i10-Magna-11-LPG---63000-kms-driven-in-Gandhinagar-VB201705171774173-ak_LWBP2054070642-1777894742_gv.webp","Hyundai i10 Magna 1.1 LPG - 2013","63,000 kms / Petrol","₹2,58,000"
"https://teja8.kuikr.com/i4/20260504/2013-Hyundai-i10-Magna-11-LPG---63000-kms-driven-in-Gandhinagar-VB201705171774173-ak_LWBP2054070642-1777894742_gv.webp","Hyundai i10 Magna 1.1 LPG - 2013","63,000 kms / Petrol","₹2,58,000"
"https://teja8.kuikr.com/i5/20260504/White-2012-Hyundai-i20-Sportz-Diesel---190000-kms-driven-in-Varachha-ak_LWBP1570411111-1777890848_gv.webp","Hyundai i20 Sportz Diesel - 2012","1,90,000 kms / Diesel / 3rd Owner","₹1,90,000"
"https://teja8.kuikr.com/i5/20260416/White-2012-Hyundai-i20-Sportz-Diesel---180000-kms-driven-in-ak_LWBP341763277-1776339219_gv.webp","Hyundai i20 Sportz Diesel - 2012","1,80,000 kms / Diesel / 3rd Owner","₹2,39,000"
"https://teja9.kuikr.com/images/car/default-cars.jpeg","Maruti Suzuki Swift Dzire Tour LDi - 2016","1,20,000 kms / Diesel","₹3,05,000"
"https://teja9.kuikr.com/images/car/default-cars.jpeg","Tata NEXON EV - 2022","60,000 kms / Electric","₹7,70,000"
"https://teja8.kuikr.com/i6/20260504/2013-Maruti-Suzuki-Wagon-R-10-Vxi-ABS-Airbag---131000-kms-driven-in-Kadi---Thol-Road-VB201705171774173-ak_LWBP1378671107-1777875291_gv.webp","Maruti Suzuki Wagon R 1.0 Vxi ABS Airbag - 2013","1,31,000 kms / CNG","₹2,10,000"
"https://teja8.kuikr.com/i4/20260303/White-2012-Mahindra-Quanto-C8---143000-kms-driven-in-ak_LWBP1409612196-1772512708_gv.webp","Mahindra Quanto C8 - 2012","1,43,000 kms / Diesel / 3rd Owner","₹3,50,000"
"https://teja8.kuikr.com/i4/20260503/White-2024-Maruti-Suzuki-Swift-Dzire-VXI-AT---25000-kms-driven-in-Mahavir-Enclave-VB201705171774173-ak_LWBP811019244-1777763492_gv.webp","Maruti Suzuki Swift Dzire VXI AT - 2024","25,000 kms / CNG","₹6,80,000"
"https://teja8.kuikr.com/i4/20260502/Silver-2011-Maruti-Suzuki-Eeco-Smiles-5-Seater-AC---110000-kms-driven-in-K-Channasandra-VB201705171774173-ak_LWBP126056763-1777738558_gv.webp","Maruti Suzuki Eeco Smiles 5 Seater AC - 2011","1,10,000 kms / Petrol","₹3,15,000"
"https://teja8.kuikr.com/i5/20260503/2024-Maruti-Suzuki-Ertiga-VXI-SMART-HYBRID---17000-kms-driven-in-Gota-VB201705171774173-ak_WBP1626871807-1777750315_gv.webp","Maruti Suzuki Ertiga VXI SMART HYBRID - 2024","17,000 kms / Petrol","₹10,21,000"
"https://teja8.kuikr.com/i4/20260504/Black-2022-MG-Motors-Hector-Plus---11800-kms-driven-in-MVP-Colony-ak_LWBP1861795116-1777865109_gv.webp","MG Motors Hector Plus - 2022","11,800 kms / Diesel / 1st Owner","₹20,50,000"
"https://teja8.kuikr.com/i5/20260503/White-2024-Hyundai-Kona-Electric-Premium---29300-kms-driven-in-Sector-76-VB201705171774173-ak_LWBP1871411164-1777794478_gv.webp","Hyundai Kona Electric Premium - 2024","29,300 kms / Electric","₹15,00,000"
"https://teja8.kuikr.com/i6/20260503/2014-Hyundai-Santa-Fe-4-WD-AT---95700-kms-driven-in-Majra-VB201705171774173-ak_LWBP714328571-1777787137_gv.webp","Hyundai Santa Fe 4 WD AT - 2014","95,700 kms / Diesel","₹4,30,000"
"https://teja8.kuikr.com/i4/20260503/Other-2011-Maruti-Suzuki-A-Star-Lxi---120000-kms-driven-in-Sasni-ak_LWBP656643285-1777803656_gv.webp","Maruti Suzuki A Star Lxi - 2011","1,20,000 kms / Petrol / 2nd Owner","₹1,10,000"
"https://teja8.kuikr.com/i5/20260503/Other-2016-Maruti-Suzuki-Wagon-R-VXI-BS-IV---125000-kms-driven-in-Pattambi-ak_LWBP1760471329-1777788698_gv.webp","Maruti Suzuki Wagon R VXI BS IV - 2016","1,25,000 kms / Petrol / 2nd Owner","₹3,40,000"
"https://teja8.kuikr.com/i5/20260503/2008-Maruti-Suzuki-Swift-Star-VXI---78000-kms-driven-in-Asaripallam-Road-VB201705171774173-ak_LWBP1650596440-1777815321_gv.webp","Maruti Suzuki Swift Star VXI - 2008","78,000 kms / Petrol","₹2,20,000"
"https://teja8.kuikr.com/i4/20260503/2018-Mercedes-Benz-CLA-Class-CLA-200-CDI-SPORT---44000-kms-driven-in-KPHB-VB201705171774173-ak_LWBP343551954-1777815149_gv.webp","Mercedes Benz CLA Class CLA 200 CDI SPORT - 2018","44,000 kms / Diesel","₹21,00,000"
"","Maruti Suzuki Swift ZXi  - 2024","50 kms / Petrol","₹8,35,000"
"","Maruti Suzuki New Wagon R - 2024","50 kms / Petrol","₹7,00,000"
"","Hyundai Venue S 1.2 Petrol - 2021","63,000 kms / Petrol","₹8,00,000"
"","Tata Tiago XE 1.2 REVOTRON - 2021","16,000 kms / Petrol","₹4,10,000"
"","Tata Punch Creative - 2023","18,000 kms / Petrol","₹6,20,000"
"","Maruti Suzuki Swift VXi 1.2 BS IV - 2013","75,000 kms / Petrol","₹3,43,000"
"","Hyundai Santa Fe 4 WD AT - 2014","95,700 kms / Diesel","₹4,30,000"
"","Tata Indigo LS TDI BS III - 2014","1,64,800 kms / Diesel","₹1,50,000"
"","Maruti Suzuki Alto K10 - 2011","64,772 kms / Petrol / 2nd Owner","₹1,40,000"
"","Hyundai Kona Electric Premium - 2024","29,300 kms / Electric","₹15,00,000"
"","Hyundai Santro Xing GLS - 2008","79,500 kms / 3rd Owner","₹1,02,000"
"","Chevrolet Beat LS Diesel - 2016","85,000 kms / Diesel","₹1,70,000"
"","Hyundai Venue S 1.2 Petrol - 2021","63,000 kms / Petrol / 1st Owner","₹8,00,000"
"","Hyundai Getz GLE - 2007","1,00,000 kms / Petrol","₹1,40,000"
"","Maruti Suzuki Swift Dzire Tour LXi - 2024","55,000 kms / Petrol","₹5,50,000"
"","Maruti Suzuki Wagon R LXI BS IV - 2017","2,90,000 kms / Petrol","₹1,20,000"
"","Honda City ZX VTEC - 2018","55,000 kms / Petrol","₹5,00,000"
"","Hyundai i20 ASTA O 1.0 TURBO GDI AT - 2021","50,000 kms / Petrol / 2nd Owner","₹7,50,000"
"","Hyundai Grand i10 1.2 CRDI Sportz O - 2015","1,12,502 kms / Diesel","₹3,10,000"
"","Honda City 1.5 S MT - 2009","84,400 kms / Petrol","₹2,75,000"
"https://teja8.kuikr.com/i4/20260504/2024-Maruti-Suzuki-Swift-ZXi----50-kms-driven-in-Banashankari-VB201705171774173-ak_LWBP513987243-1777869452_gv.webp","Maruti Suzuki Swift ZXi  - 2024","50 kms / Petrol","₹8,35,000"
"https://teja8.kuikr.com/i6/20260504/2024-Maruti-Suzuki-New-Wagon-R---50-kms-driven-in-Banashankari-VB201705171774173-ak_LWBP1563414593-1777870004_gv.webp","Maruti Suzuki New Wagon R - 2024","50 kms / Petrol","₹7,00,000"
"https://teja8.kuikr.com/i5/20260503/2021-Hyundai-Venue-S-12-Petrol---63000-kms-driven-in-Rohini-Sector-19-VB201705171774173-ak_WBP2060072263-1777822562_gv.webp","Hyundai Venue S 1.2 Petrol - 2021","63,000 kms / Petrol","₹8,00,000"
"https://teja8.kuikr.com/i5/20260504/White-2021-Tata-Tiago-XE-12-REVOTRON---16000-kms-driven-in-Shivpur-VB201705171774173-ak_WBP1574250553-1777857385_gv.webp","Tata Tiago XE 1.2 REVOTRON - 2021","16,000 kms / Petrol","₹4,10,000"
"https://teja8.kuikr.com/i5/20260504/2023-Tata-Punch-Creative---18000-kms-driven-in-Aluva-VB201705171774173-ak_WBP1179656008-1777863738_gv.webp","Tata Punch Creative - 2023","18,000 kms / Petrol","₹6,20,000"
"https://teja9.kuikr.com/images/car/default-cars.jpeg","Maruti Suzuki Swift VXi 1.2 BS IV - 2013","75,000 kms / Petrol","₹3,43,000"
"https://teja8.kuikr.com/i6/20260503/2014-Hyundai-Santa-Fe-4-WD-AT---95700-kms-driven-in-Majra-VB201705171774173-ak_LWBP714328571-1777787137_gv.webp","Hyundai Santa Fe 4 WD AT - 2014","95,700 kms / Diesel","₹4,30,000"
"https://teja8.kuikr.com/i6/20260503/2014-Tata-Indigo-LS-TDI-BS-III---164800-kms-driven-in-VB201705171774173-ak_LWBP594073412-1777791499_gv.webp","Tata Indigo LS TDI BS III - 2014","1,64,800 kms / Diesel","₹1,50,000"
"https://teja9.kuikr.com/images/car/default-cars.jpeg","Maruti Suzuki Alto K10 - 2011","64,772 kms / Petrol / 2nd Owner","₹1,40,000"
"https://teja8.kuikr.com/i5/20260503/White-2024-Hyundai-Kona-Electric-Premium---29300-kms-driven-in-Sector-76-VB201705171774173-ak_LWBP1871411164-1777794478_gv.webp","Hyundai Kona Electric Premium - 2024","29,300 kms / Electric","₹15,00,000"
"https://teja8.kuikr.com/i6/20260503/Grey-2008-Hyundai-Santro-Xing-GLS---79500-kms-driven-in-Iyyappanthangal-ak_LWBP1242283898-1777783782_gv.webp","Hyundai Santro Xing GLS - 2008","79,500 kms / 3rd Owner","₹1,02,000"
"https://teja8.kuikr.com/i6/20260502/2016-Chevrolet-Beat-LS-Diesel---85000-kms-driven-in-Mogappair-West-VB201705171774173-ak_WBP1821748109-1777736870_gv.webp","Chevrolet Beat LS Diesel - 2016","85,000 kms / Diesel","₹1,70,000"
"https://teja8.kuikr.com/i4/20260503/White-2021-Hyundai-Venue-S-12-Petrol---63000-kms-driven-in-Rohini-ak_LWBP1834184703-1777820231_gv.webp","Hyundai Venue S 1.2 Petrol - 2021","63,000 kms / Petrol / 1st Owner","₹8,00,000"
"https://teja8.kuikr.com/i4/20260504/2007-Hyundai-Getz-GLE---100000-kms-driven-in-Bileshivale-VB201705171774173-ak_LWBP232262310-1777867460_gv.webp","Hyundai Getz GLE - 2007","1,00,000 kms / Petrol","₹1,40,000"
"https://teja8.kuikr.com/i5/20260426/2024-Maruti-Suzuki-Swift-Dzire-Tour-LXi---55000-kms-driven-in-Paschim-Putiari-VB201705171774173-ak_LWBP420802783-1777177376_gv.webp","Maruti Suzuki Swift Dzire Tour LXi - 2024","55,000 kms / Petrol","₹5,50,000"
"https://teja8.kuikr.com/i6/20260502/2017-Maruti-Suzuki-Wagon-R-LXI-BS-IV---290000-kms-driven-in-Dhauj-VB201705171774173-ak_LWBP331676954-1777724589_gv.webp","Maruti Suzuki Wagon R LXI BS IV - 2017","2,90,000 kms / Petrol","₹1,20,000"
"https://teja8.kuikr.com/i5/20260502/2018-Honda-City-ZX-VTEC---55000-kms-driven-in-Borivali-West-VB201705171774173-ak_LWBP230285311-1777718079_gv.webp","Honda City ZX VTEC - 2018","55,000 kms / Petrol","₹5,00,000"
"https://teja9.kuikr.com/images/car/default-cars.jpeg","Hyundai i20 ASTA O 1.0 TURBO GDI AT - 2021","50,000 kms / Petrol / 2nd Owner","₹7,50,000"
"https://teja9.kuikr.com/images/car/default-cars.jpeg","Hyundai Grand i10 1.2 CRDI Sportz O - 2015","1,12,502 kms / Diesel","₹3,10,000"
"https://teja8.kuikr.com/i6/20260502/2009-Honda-City-15-S-MT---84400-kms-driven-in-Ayanavaram-VB201705171774173-ak_LWBP1257915149-1777713029_gv.webp","Honda City 1.5 S MT - 2009","84,400 kms / Petrol","₹2,75,000"
"https://teja8.kuikr.com/i4/20260502/Other-2020-Hyundai-NEW-SANTRO-Sportz---65000-kms-driven-in-Jhansi-Khas-ak_LWBP1362024861-1777700443_gv.webp","Hyundai NEW SANTRO Sportz - 2020","65,000 kms / Petrol / 1st Owner","₹3,29,998"
"https://teja8.kuikr.com/i6/20260502/2009-Honda-City-15-S-MT---84400-kms-driven-in-Ayanavaram-VB201705171774173-ak_LWBP1257915149-1777713029_gv.webp","Honda City 1.5 S MT - 2009","84,400 kms / Petrol","₹2,75,000"
"","Maruti Suzuki Swift Dzire VDi - 2017","1,75,000 kms / Diesel","₹4,50,000"
"","Volkswagen Polo HIGHLINE1.5L DIESEL - 2017","90,000 kms / Diesel","₹3,70,000"
"","Maruti Suzuki Swift Star VXI - 2022","56,000 kms / Petrol / 1st Owner","₹5,49,000"
"","Maruti Suzuki Swift Dzire VDi - 2013","1,02,000 kms / Diesel / 1st Owner","₹4,40,000"
"","Tata Safari Storme 2.2 EX 4x2 - 2017","1,60,000 kms / Diesel","₹7,00,000"
"","Hyundai Santro Xing GLS - 2008","80,721 kms / Petrol","₹75,000"
"","Hyundai Santro 1.1 MAGNA MT - 2020","65,000 kms / Petrol / 1st Owner","₹3,29,996"
"","Volkswagen Polo Highline1.2L D - 2012","1,47,000 kms / Diesel / 2nd Owner","₹2,50,000"
"","Maruti Suzuki Baleno Alpha 1.2 - 2017","53,000 kms / Petrol","₹5,29,000"
"","Renault Kiger RXT 1.0 AMT - 2021","87,000 kms / CNG","₹4,50,000"
"","Mercedes Benz CLA Class 200 Petrol Sport - 2017","93,000 kms / Petrol","₹15,00,000"
"","Hyundai i20 Sportz Petrol - 2021","49,100 kms / Petrol","₹6,40,000"
"","Tata Nexon XZ Plus Diesel - 2018","98,300 kms / Diesel / 1st Owner","₹6,10,000"
"","Maruti Suzuki Dzire ZXI Plus - 2023","1,70,000 kms / CNG","₹6,80,000"
"","Chevrolet Spark LT 1.0 BS IV OBDII - 2014","95,000 kms / Petrol","₹1,30,000"
"","Maruti Suzuki Ertiga VXI SMART HYBRID - 2023","72,000 kms / Petrol","₹9,80,000"
"","Tata Nexon XM 1.2 - 2019","62,000 kms / Petrol","₹4,10,000"
"","Volkswagen Polo Highline1.2L D - 2012","1,47,000 kms / Diesel / 2nd Owner","₹2,50,000"
"","Hyundai Grand i10 1.2 CRDI Sportz O - 2015","1,12,502 kms / Diesel","Ask For Price"
"","Toyota Etios Liva D 4D VXD - 2018","89,000 kms / Diesel","₹7,65,000"
"","Hyundai Creta 1.6 EX CRDI - 2021","67,000 kms / Diesel","₹10,75,000"
"","Volkswagen Taigun - 2023","21,000 kms / Petrol","₹11,00,000"
"https://teja8.kuikr.com/i6/20260502/2017-Maruti-Suzuki-Swift-Dzire-VDi---175000-kms-driven-in-Kaithal-Ambala-Road-VB201705171774173-ak_WBP2099413451-1777711692_gv.webp","Maruti Suzuki Swift Dzire VDi - 2017","1,75,000 kms / Diesel","₹4,50,000"
"https://teja8.kuikr.com/i4/20260321/Red-2017-Volkswagen-Polo-HIGHLINE15L-DIESEL---90000-kms-driven-in-Mansarovar-VB201705171774173-ak_LWBP2137089159-1774074832_gv.webp","Volkswagen Polo HIGHLINE1.5L DIESEL - 2017","90,000 kms / Diesel","₹3,70,000"
"https://teja8.kuikr.com/i5/20260502/Blue-2022-Maruti-Suzuki-Swift-Star-VXI---56000-kms-driven-in-Alto--Betim-Porvorim-ak_LWBP558548266-1777703761_gv.webp","Maruti Suzuki Swift Star VXI - 2022","56,000 kms / Petrol / 1st Owner","₹5,49,000"
"https://teja8.kuikr.com/i5/20260501/White-2013-Maruti-Suzuki-Swift-Dzire-VDi---102000-kms-driven-in-Sadar-Bazar-ak_LWBP1921290361-1777590089_gv.webp","Maruti Suzuki Swift Dzire VDi - 2013","1,02,000 kms / Diesel / 1st Owner","₹4,40,000"
"https://teja8.kuikr.com/i4/20260430/Black-2017-Tata-Safari-Storme-22-EX-4x2---160000-kms-driven-in-Cantonment-VB201705171774173-ak_WBP1432081569-1777556825_gv.webp","Tata Safari Storme 2.2 EX 4x2 - 2017","1,60,000 kms / Diesel","₹7,00,000"
"https://teja8.kuikr.com/i6/20260502/2008-Hyundai-Santro-Xing-GLS---80721-kms-driven-in-Madhira-VB201705171774173-ak_WBP989467430-1777692274_gv.webp","Hyundai Santro Xing GLS - 2008","80,721 kms / Petrol","₹75,000"
"https://teja8.kuikr.com/i5/20260501/Beige-2020-Hyundai-Santro-11-MAGNA-MT---65000-kms-driven-in-ak_LWBP2033176165-1777617131_gv.webp","Hyundai Santro 1.1 MAGNA MT - 2020","65,000 kms / Petrol / 1st Owner","₹3,29,996"
"https://teja8.kuikr.com/i5/20260501/Black-2012-Volkswagen-Polo-Highline12L-D---147000-kms-driven-in-Attingal-ak_LWBP226352845-1777642786_gv.webp","Volkswagen Polo Highline1.2L D - 2012","1,47,000 kms / Diesel / 2nd Owner","₹2,50,000"
"https://teja8.kuikr.com/i5/20260501/2017-Maruti-Suzuki-Baleno-Alpha-12---53000-kms-driven-in-Rohini-VB201705171774173-ak_LWBP275655949-1777652248_gv.webp","Maruti Suzuki Baleno Alpha 1.2 - 2017","53,000 kms / Petrol","₹5,29,000"
"https://teja8.kuikr.com/i4/20260501/White-2021-Renault-Kiger-RXT-10-AMT---87000-kms-driven-in-Bharat-Kunj-VB201705171774173-ak_LWBP814481148-1777649400_gv.webp","Renault Kiger RXT 1.0 AMT - 2021","87,000 kms / CNG","₹4,50,000"
"https://teja8.kuikr.com/i6/20260502/Red-2017-Mercedes-Benz-CLA-Class-200-Petrol-Sport---93000-kms-driven-in-Hauz-khas-VB201705171774173-ak_LWBP1383054668-1777702106_gv.webp","Mercedes Benz CLA Class 200 Petrol Sport - 2017","93,000 kms / Petrol","₹15,00,000"
"https://teja8.kuikr.com/i4/20260501/2021-Hyundai-i20-Sportz-Petrol---49100-kms-driven-in-Begumpet-VB201705171774173-ak_LWBP391329573-1777598412_gv.webp","Hyundai i20 Sportz Petrol - 2021","49,100 kms / Petrol","₹6,40,000"
"https://teja8.kuikr.com/i6/20260501/Blue-2018-Tata-Nexon-XZ-Plus-Diesel---98300-kms-driven-in-ak_LWBP2047993175-1777640855_gv.webp","Tata Nexon XZ Plus Diesel - 2018","98,300 kms / Diesel / 1st Owner","₹6,10,000"
"https://teja8.kuikr.com/i4/20260501/2023-Maruti-Suzuki-Dzire-ZXI-Plus---170000-kms-driven-in-Hadapsar-VB201705171774173-ak_WBP1805492337-1777628238_gv.webp","Maruti Suzuki Dzire ZXI Plus - 2023","1,70,000 kms / CNG","₹6,80,000"
"https://teja8.kuikr.com/i5/20260501/Red-2014-Chevrolet-Spark-LT-10-BS-IV-OBDII---95000-kms-driven-in-New-Dhan-Mandi-VB201705171774173-ak_WBP769855840-1777613894_gv.webp","Chevrolet Spark LT 1.0 BS IV OBDII - 2014","95,000 kms / Petrol","₹1,30,000"
"https://teja8.kuikr.com/i4/20260502/Brown-2023-Maruti-Suzuki-Ertiga-VXI-SMART-HYBRID---72000-kms-driven-in-Begumpet-VB201705171774173-ak_LWBP1949581032-1777667029_gv.webp","Maruti Suzuki Ertiga VXI SMART HYBRID - 2023","72,000 kms / Petrol","₹9,80,000"
"https://teja8.kuikr.com/i4/20260501/2019-Tata-Nexon-XM-12---62000-kms-driven-in-Sector-16-VB201705171774173-ak_LWBP1724591838-1777641780_gv.webp","Tata Nexon XM 1.2 - 2019","62,000 kms / Petrol","₹4,10,000"
"https://teja8.kuikr.com/i4/20260501/Black-2012-Volkswagen-Polo-Highline12L-D---147000-kms-driven-in-Attingal-ak_LWBP1031217591-1777643539_gv.webp","Volkswagen Polo Highline1.2L D - 2012","1,47,000 kms / Diesel / 2nd Owner","₹2,50,000"
"https://teja8.kuikr.com/i4/20260501/Beige-2015-Hyundai-Grand-i10-12-CRDI-Sportz-O---112502-kms-driven-in-Gandhi-Nagar-VB201705171774173-ak_LWBP1926100977-1777650291_gv.webp","Hyundai Grand i10 1.2 CRDI Sportz O - 2015","1,12,502 kms / Diesel","Ask For Price"
"https://teja8.kuikr.com/i6/20260501/White-2018-Toyota-Etios-Liva-D-4D-VXD---89000-kms-driven-in-VB201705171774173-ak_LWBP681157922-1777655677_gv.webp","Toyota Etios Liva D 4D VXD - 2018","89,000 kms / Diesel","₹7,65,000"
"https://teja8.kuikr.com/i6/20260502/2021-Hyundai-Creta-16-EX-CRDI---67000-kms-driven-in-Sector-74-A-VB201705171774173-ak_LWBP1166066966-1777687225_gv.webp","Hyundai Creta 1.6 EX CRDI - 2021","67,000 kms / Diesel","₹10,75,000"
"https://teja8.kuikr.com/i5/20260501/2023-Volkswagen-Taigun---21000-kms-driven-in-Kuvempnagar-VB201705171774173-ak_LWBP509070871-1777654932_gv.webp","Volkswagen Taigun - 2023","21,000 kms / Petrol","₹11,00,000"
"https://teja8.kuikr.com/i6/20260501/White-2018-Toyota-Etios-Liva-D-4D-VXD---89000-kms-driven-in-Perinthalmanna-VB201705171774173-ak_LWBP1079096981-1777655986_gv.webp","Toyota Etios Liva D 4D VXD - 2018","89,000 kms / Diesel","₹7,65,000"
"","Maruti Suzuki Swift Dzire Tour LXi - 2022","76,000 kms / Petrol","Ask For Price"
"","Ford EcoSport Titanium 1.5 TDCi - 2017","95,000 kms / Diesel","₹5,75,000"
"","Mahindra SCORPIO N - 2024","15,343 kms / Diesel","₹18,50,000"
"","Hyundai Elite i20 Asta 1.2 - 2024","9,999 kms / Hybrid","₹50,000"
"","Kia Sonet HTX Plus - 2020","34,000 kms / Petrol","₹9,50,000"
"","Toyota All New Fortuner - 2019","1,00,000 kms / Diesel","₹10,00,000"
"","Maruti Suzuki Swift Dzire VXi 1.2 BS IV - 2017","11,01,500 kms / Petrol","₹4,80,000"
"","Honda WRV VX MT Petrol - 2018","50,000 kms / Petrol","₹6,85,000"
"","Toyota Corolla Altis 1.8 G - 2012","17,500 kms / Petrol","₹6,00,000"
"","Tata Nexon XT 1.2 - 2022","98,000 kms / Petrol","₹6,00,000"
"","Maruti Suzuki Zen Estilo LXI Green CNG - 2013","80,000 kms / Petrol","₹1,75,000"
"","Tata Nexon XZA Plus Diesel Dual Tone - 2018","75,300 kms / Diesel / 2nd Owner","₹7,50,000"
"","Mahindra XUV400 - 2024","65,500 kms / Electric","₹11,00,000"
"","Mahindra XUV400 - 2024","65,500 kms / Electric","₹11,00,000"
"","Renault Duster 4x4 - 2014","1,34,000 kms / Diesel / 2nd Owner","₹3,25,000"
"","Honda City ZX GXi - 2005","1,00,000 kms / Petrol","₹2,00,000"
"","Tata Nexon XMA Petrol - 2023","35,150 kms / Petrol / 1st Owner","₹10,50,000"
"","Tata Nexon XMA Petrol - 2023","35,710 kms / Petrol / 1st Owner","₹10,00,000"
"","Toyota Innova Crysta 2.7 GX AT 7 STR - 2021","1,31,000 kms / Diesel / 1st Owner","₹14,50,000"
"","Maruti Suzuki Alto LXi BS III - 2010","84,000 kms / Petrol","₹1,60,000"
"","Honda City ZX EXi - 2006","1,50,000 kms / Petrol","₹1,45,000"
"","Maruti Suzuki BREZZA - 2023","50,000 kms / Petrol","₹7,00,000"
"","Tata Indica Vista LX TDI BS III - 2015","1,80,000 kms / Diesel / 3rd Owner","₹1,80,000"
"https://teja9.kuikr.com/images/car/default-cars.jpeg","Maruti Suzuki Swift Dzire Tour LXi - 2022","76,000 kms / Petrol","Ask For Price"
"https://teja8.kuikr.com/i6/20260423/2017-Ford-EcoSport-Titanium-15-TDCi---95000-kms-driven-in-Pandurangapuram-VB201705171774173-ak_LWBP315858686-1776883714_gv.webp","Ford EcoSport Titanium 1.5 TDCi - 2017","95,000 kms / Diesel","₹5,75,000"
"https://teja8.kuikr.com/i4/20260419/White-2024-Mahindra-SCORPIO-N---15343-kms-driven-in-Kankarbagh-Road-VB201705171774173-ak_WBP2032636227-1776584030_gv.webp","Mahindra SCORPIO N - 2024","15,343 kms / Diesel","₹18,50,000"
"https://teja8.kuikr.com/i6/20260430/2024-Hyundai-Elite-i20-Asta-12---9999-kms-driven-in-Adarsh-Nagar-VB201705171774173-ak_WBP1808759705-1777552100_gv.webp","Hyundai Elite i20 Asta 1.2 - 2024","9,999 kms / Hybrid","₹50,000"
"https://teja8.kuikr.com/i4/20260430/2020-Kia-Sonet-HTX-Plus---34000-kms-driven-in-Kakkanad-VB201705171774173-ak_LWBP2122304220-1777542279_gv.webp","Kia Sonet HTX Plus - 2020","34,000 kms / Petrol","₹9,50,000"
"https://teja9.kuikr.com/images/car/default-cars.jpeg","Toyota All New Fortuner - 2019","1,00,000 kms / Diesel","₹10,00,000"
"https://teja8.kuikr.com/i4/20260430/2017-Maruti-Suzuki-Swift-Dzire-VXi-12-BS-IV---1101500-kms-driven-in-Manor-VB201705171774173-ak_LWBP1283196090-1777544834_gv.webp","Maruti Suzuki Swift Dzire VXi 1.2 BS IV - 2017","11,01,500 kms / Petrol","₹4,80,000"
"https://teja8.kuikr.com/i4/20260430/Silver-2018-Honda-WRV-VX-MT-Petrol---50000-kms-driven-in-Shahastradhara-Road-VB201705171774173-ak_LWBP1015081020-1777540957_gv.webp","Honda WRV VX MT Petrol - 2018","50,000 kms / Petrol","₹6,85,000"
"https://teja8.kuikr.com/i5/20260430/White-2012-Toyota-Corolla-Altis-18-G---17500-kms-driven-in-Paschim-Vihar-VB201705171774173-ak_LWBP31147192-1777532513_gv.webp","Toyota Corolla Altis 1.8 G - 2012","17,500 kms / Petrol","₹6,00,000"
"https://teja8.kuikr.com/i5/20260430/2022-Tata-Nexon-XT-12---98000-kms-driven-in-Jamia-Nagar-VB201705171774173-ak_LWBP964598341-1777529766_gv.webp","Tata Nexon XT 1.2 - 2022","98,000 kms / Petrol","₹6,00,000"
"https://teja8.kuikr.com/i5/20260430/Golden-2013-Maruti-Suzuki-Zen-Estilo-LXI-Green-CNG---80000-kms-driven-in-Balussery-VB201705171774173-ak_WBP1095380686-1777488092_gv.webp","Maruti Suzuki Zen Estilo LXI Green CNG - 2013","80,000 kms / Petrol","₹1,75,000"
"https://teja9.kuikr.com/images/car/default-cars.jpeg","Tata Nexon XZA Plus Diesel Dual Tone - 2018","75,300 kms / Diesel / 2nd Owner","₹7,50,000"
"https://teja8.kuikr.com/i4/20260429/Black-2024-Mahindra-XUV400---65500-kms-driven-in-Ghodasar-VB201705171774173-ak_LWBP518549274-1777473775_gv.webp","Mahindra XUV400 - 2024","65,500 kms / Electric","₹11,00,000"
"https://teja8.kuikr.com/i4/20260429/Black-2024-Mahindra-XUV400---65500-kms-driven-in-Ghodasar-VB201705171774173-ak_LWBP518549274-1777473775_gv.webp","Mahindra XUV400 - 2024","65,500 kms / Electric","₹11,00,000"
"https://teja8.kuikr.com/i4/20260429/White-2014-Renault-Duster-4x4---134000-kms-driven-in-Lohta-ak_LWBP347628453-1777484040_gv.webp","Renault Duster 4x4 - 2014","1,34,000 kms / Diesel / 2nd Owner","₹3,25,000"
"https://teja8.kuikr.com/i6/20260429/2005-Honda-City-ZX-GXi---100000-kms-driven-in-Safedabad-VB201705171774173-ak_LWBP429904490-1777473491_gv.webp","Honda City ZX GXi - 2005","1,00,000 kms / Petrol","₹2,00,000"
"https://teja9.kuikr.com/images/car/default-cars.jpeg","Tata Nexon XMA Petrol - 2023","35,150 kms / Petrol / 1st Owner","₹10,50,000"
"https://teja8.kuikr.com/i4/20260428/Green-2023-Tata-Nexon-XMA-Petrol---35710-kms-driven-in-Undri-ak_LWBP738040662-1777386305_gv.webp","Tata Nexon XMA Petrol - 2023","35,710 kms / Petrol / 1st Owner","₹10,00,000"
"https://teja8.kuikr.com/i6/20260429/2021-Toyota-Innova-Crysta-27-GX-AT-7-STR---131000-kms-driven-in-Bhiwadi-Mod-ak_LWBP904625456-1777459155_gv.webp","Toyota Innova Crysta 2.7 GX AT 7 STR - 2021","1,31,000 kms / Diesel / 1st Owner","₹14,50,000"
"https://teja9.kuikr.com/images/car/default-cars.jpeg","Maruti Suzuki Alto LXi BS III - 2010","84,000 kms / Petrol","₹1,60,000"
"https://teja9.kuikr.com/images/car/default-cars.jpeg","Honda City ZX EXi - 2006","1,50,000 kms / Petrol","₹1,45,000"
"https://teja8.kuikr.com/i4/20260428/2023-Maruti-Suzuki-BREZZA---50000-kms-driven-in-Ashoka-Enclave-VB201705171774173-ak_LWBP144168939-1777331197_gv.webp","Maruti Suzuki BREZZA - 2023","50,000 kms / Petrol","₹7,00,000"
"","Ford EcoSport Titanium 1.5 TDCi - 2013","83,846 kms / Diesel","₹4,15,000"
"","Hyundai Grand i10 SPORTS 1.2 VTVT - 2022","8,000 kms / Petrol / 1st Owner","₹7,50,000"
"","Toyota Etios V - 2012","65,000 kms / Petrol","₹1,89,000"
"","Maruti Suzuki Ertiga LXi CNG - 2024","41,010 kms / CNG","₹10,50,000"
"","Mahindra XUV 700 - 2022","77,000 kms / Diesel","₹19,50,000"
"","Hyundai Creta N Line - 2021","94,500 kms / Diesel","₹12,50,000"
"","Maruti Suzuki Wagon R LXI DUO - 2008","1,25,000 kms / Petrol","₹1,30,000"
"","Maruti Suzuki Swift VXi 1.2 ABS BS IV - 2013","1,00,000 kms / Petrol","₹1,90,000"
"","Mahindra XUV500 - 2017","71,000 kms / Diesel","₹8,50,000"
"","Tata Nexon XZ Plus - 2020","46,000 kms / Electric","₹7,50,000"
"","Renault Duster 85 PS RxL Diesel - 2014","90,000 kms / Diesel","₹3,10,000"
"","Maruti Suzuki S Presso Vxi O  - 2022","75,000 kms / Petrol","₹4,20,000"
"","Maruti Suzuki S Presso Vxi O  - 2022","75,000 kms / Petrol","₹4,20,000"
"","Hyundai XCENT PRIME - 2019","2,32,000 kms / CNG","₹2,15,000"
"","Volkswagen Polo COMFORTLINE 1.2L PETROL - 2011","1,03,500 kms / Petrol / 2nd Owner","₹3,10,000"
"","Skoda Octavia LK 1.8 TSI AT - 2019","42,800 kms / Petrol / 1st Owner","₹15,75,000"
"","Tata ALTROZ XZ 1.2 - 2023","17,400 kms / Petrol","₹7,99,000"
"","Hyundai NEW SANTRO Sportz - 2018","77,600 kms / Petrol / 1st Owner","₹3,75,000"
"","Tata ALTROZ XZ 1.2 - 2023","17,400 kms / Petrol","₹7,99,000"
"","Hyundai Grand i10 SPORTS 1.2 VTVT - 2016","1,25,000 kms / CNG","₹2,60,000"
"","Maruti Suzuki Wagon R LX BS III - 2022","95,000 kms / CNG","₹5,00,000"
"","Tata Indigo CS LE TDI BSIII - 2012","1,04,200 kms / Diesel","₹1,25,000"
"","Maruti Suzuki Celerio LXi AMT - 2017","66,000 kms / Petrol","₹2,60,000"
"","Maruti Suzuki Invicto - 2024","0 kms / Hybrid","₹35,50,000"
"https://teja8.kuikr.com/i4/20260428/White-2015-Tata-Indica-Vista-LX-TDI-BS-III---180000-kms-driven-in-Whitefield-ak_LWBP872962194-1777381572_gv.webp","Tata Indica Vista LX TDI BS III - 2015","1,80,000 kms / Diesel / 3rd Owner","₹1,80,000"
"https://teja8.kuikr.com/i5/20260428/White-2013-Ford-EcoSport-Titanium-15-TDCi---83846-kms-driven-in-Lb-Nagar-VB201705171774173-ak_LWBP471859765-1777387472_gv.webp","Ford EcoSport Titanium 1.5 TDCi - 2013","83,846 kms / Diesel","₹4,15,000"
"https://teja8.kuikr.com/i6/20260428/White-2022-Hyundai-Grand-i10-SPORTS-12-VTVT---8000-kms-driven-in-Hebbal-ak_LWBP1735852937-1777400338_gv.webp","Hyundai Grand i10 SPORTS 1.2 VTVT - 2022","8,000 kms / Petrol / 1st Owner","₹7,50,000"
"https://teja8.kuikr.com/i4/20260428/Sky-Blue-2012-Toyota-Etios-V---65000-kms-driven-in-Bathinda--Barnala-Highway-VB201705171774173-ak_WBP1398771414-1777395400_gv.webp","Toyota Etios V - 2012","65,000 kms / Petrol","₹1,89,000"
"https://teja8.kuikr.com/i6/20260429/2024-Maruti-Suzuki-Ertiga-LXi-CNG---41010-kms-driven-in-Gayatri-Puram-Colony-VB201705171774173-ak_WBP671940056-1777412305_gv.webp","Maruti Suzuki Ertiga LXi CNG - 2024","41,010 kms / CNG","₹10,50,000"
"https://teja8.kuikr.com/i6/20260428/2022-Mahindra-XUV-700---77000-kms-driven-in-Byculla-VB201705171774173-ak_WBP1875833660-1777385222_gv.webp","Mahindra XUV 700 - 2022","77,000 kms / Diesel","₹19,50,000"
"https://teja8.kuikr.com/i4/20260429/2021-Hyundai-Creta-N-Line---94500-kms-driven-in-Kaggadasapura-VB201705171774173-ak_LWBP1704472695-1777403577_gv.webp","Hyundai Creta N Line - 2021","94,500 kms / Diesel","₹12,50,000"
"https://teja8.kuikr.com/i6/20260428/2008-Maruti-Suzuki-Wagon-R-LXI-DUO---125000-kms-driven-in-Avtar-Nagar-VB201705171774173-ak_LWBP998488955-1777387166_gv.webp","Maruti Suzuki Wagon R LXI DUO - 2008","1,25,000 kms / Petrol","₹1,30,000"
"https://teja8.kuikr.com/i4/20260428/2013-Maruti-Suzuki-Swift-VXi-12-ABS-BS-IV---100000-kms-driven-in-Jhinjhana-VB201705171774173-ak_WBP851019681-1777397897_gv.webp","Maruti Suzuki Swift VXi 1.2 ABS BS IV - 2013","1,00,000 kms / Petrol","₹1,90,000"
"https://teja8.kuikr.com/i4/20260428/Silver-2017-Mahindra-XUV500---71000-kms-driven-in-VB201705171774173-ak_LWBP942419733-1777373585_gv.webp","Mahindra XUV500 - 2017","71,000 kms / Diesel","₹8,50,000"
"https://teja8.kuikr.com/i4/20260427/Blue-2020-Tata-Nexon-XZ-Plus---46000-kms-driven-in-Waghbil-ak_LWBP1993546689-1777312874_gv.webp","Tata Nexon XZ Plus - 2020","46,000 kms / Electric","₹7,50,000"
"https://teja8.kuikr.com/i6/20260413/2014-Renault-Duster-85-PS-RxL-Diesel---90000-kms-driven-in-Chana-Kothar-VB201705171774173-ak_LWBP1261558868-1776095768_gv.webp","Renault Duster 85 PS RxL Diesel - 2014","90,000 kms / Diesel","₹3,10,000"
"https://teja8.kuikr.com/i5/20260428/2022-Maruti-Suzuki-S---Presso-Vxi--O----75000-kms-driven-in-Botanda-VB201705171774173-ak_WBP1736783266-1777366324_gv.webp","Maruti Suzuki S Presso Vxi O  - 2022","75,000 kms / Petrol","₹4,20,000"
"https://teja8.kuikr.com/i5/20260428/2022-Maruti-Suzuki-S---Presso-Vxi--O----75000-kms-driven-in-Botanda-VB201705171774173-ak_WBP1736783266-1777366324_gv.webp","Maruti Suzuki S Presso Vxi O  - 2022","75,000 kms / Petrol","₹4,20,000"
"https://teja9.kuikr.com/images/car/default-cars.jpeg","Hyundai XCENT PRIME - 2019","2,32,000 kms / CNG","₹2,15,000"
"https://teja8.kuikr.com/i6/20260428/Red-2011-Volkswagen-Polo-COMFORTLINE-12L-PETROL---103500-kms-driven-in-Amathur-ak_LWBP1358666582-1777364410_gv.webp","Volkswagen Polo COMFORTLINE 1.2L PETROL - 2011","1,03,500 kms / Petrol / 2nd Owner","₹3,10,000"
"https://teja8.kuikr.com/i4/20260428/Black-2019-Skoda-Octavia-LK-18-TSI-AT---42800-kms-driven-in-Andheri-East-ak_LWBP460857453-1777357495_gv.webp","Skoda Octavia LK 1.8 TSI AT - 2019","42,800 kms / Petrol / 1st Owner","₹15,75,000"
"https://teja8.kuikr.com/i4/20260427/2023-Tata-ALTROZ-XZ-12---17400-kms-driven-in-Rajendra-Nagar-VB201705171774173-ak_LWBP1472505030-1777294321_gv.webp","Tata ALTROZ XZ 1.2 - 2023","17,400 kms / Petrol","₹7,99,000"
"https://teja8.kuikr.com/i4/20260428/Beige-2018-Hyundai-NEW-SANTRO-Sportz---77600-kms-driven-in-ak_LWBP1396450812-1777351079_gv.webp","Hyundai NEW SANTRO Sportz - 2018","77,600 kms / Petrol / 1st Owner","₹3,75,000"
"https://teja8.kuikr.com/i6/20260427/2023-Tata-ALTROZ-XZ-12---17400-kms-driven-in-Rajendra-Nagar-VB201705171774173-ak_LWBP536373974-1777294737_gv.webp","Tata ALTROZ XZ 1.2 - 2023","17,400 kms / Petrol","₹7,99,000"
"https://teja8.kuikr.com/i5/20260427/Grey-2016-Hyundai-Grand-i10-SPORTS-12-VTVT---125000-kms-driven-in-Raj-Nagar-Extension-VB201705171774173-ak_LWBP1586697025-1777295655_gv.webp","Hyundai Grand i10 SPORTS 1.2 VTVT - 2016","1,25,000 kms / CNG","₹2,60,000"
"https://teja8.kuikr.com/i5/20260427/2022-Maruti-Suzuki-Wagon-R-LX-BS-III---95000-kms-driven-in-Palluruthy-VB201705171774173-ak_LWBP552254494-1777308913_gv.webp","Maruti Suzuki Wagon R LX BS III - 2022","95,000 kms / CNG","₹5,00,000"
"https://teja8.kuikr.com/i6/20260427/2012-Tata-Indigo-CS-LE-TDI-BSIII---104200-kms-driven-in-Parippally-VB201705171774173-ak_LWBP2027619005-1777301950_gv.webp","Tata Indigo CS LE TDI BSIII - 2012","1,04,200 kms / Diesel","₹1,25,000"
"https://teja8.kuikr.com/i5/20260427/2017-Maruti-Suzuki-Celerio-LXi-AMT---66000-kms-driven-in-Tilak-Nagar-VB201705171774173-ak_LWBP2081170354-1777312928_gv.webp","Maruti Suzuki Celerio LXi AMT - 2017","66,000 kms / Petrol","₹2,60,000"
"https://teja8.kuikr.com/i4/20260427/2024-Maruti-Suzuki-Invicto---0-kms-driven-in-Kondalampatti-VB201705171774173-ak_LWBP760495548-1777310470_gv.webp","Maruti Suzuki Invicto - 2024","0 kms / Hybrid","₹35,50,000"
"https://teja8.kuikr.com/i4/20260428/Blue-2017-Maruti-Suzuki-Baleno-ALPHA-DDIS-190---87000-kms-driven-in-Kunnamkulam-ak_WBP2095882050-1777339216_gv.webp","Maruti Suzuki Baleno ALPHA DDIS 190 - 2017","87,000 kms / Diesel / 1st Owner","₹6,00,000"
"https://teja9.kuikr.com/images/car/default-cars.jpeg","Maruti Suzuki Alto 800 Lxi - 2014","1,15,000 kms / Petrol / 1st Owner","₹2,50,000"
"https://teja8.kuikr.com/i5/20260427/2022-Maruti-Suzuki-Wagon-R-LX-BS-III---95000-kms-driven-in-Palluruthy-VB201705171774173-ak_LWBP552254494-1777308913_gv.webp","Maruti Suzuki Wagon R LX BS III - 2022","95,000 kms / CNG","₹5,00,000"
"https://teja8.kuikr.com/i6/20260428/Black-2019-Mahindra-Thar-CRDe-4x4-AC---64900-kms-driven-in-Chembur-Colony-VB201705171774173-ak_LWBP207670541-1777346691_gv.webp","Mahindra Thar CRDe 4x4 AC - 2019","64,900 kms / Diesel","₹6,50,000"
"https://teja8.kuikr.com/i5/20260427/White-2019-Maruti-Suzuki-BREZZA---140000-kms-driven-in-Thurai-Mangalam-ak_LWBP823250587-1777300803_gv.webp","Maruti Suzuki BREZZA - 2019","1,40,000 kms / Diesel / 1st Owner","₹7,60,000"
"https://teja8.kuikr.com/i6/20260427/White-2019-Honda-City-15-V-MT---56700-kms-driven-in-Karwar-ak_LWBP1013443886-1777313987_gv.webp","Honda City 1.5 V MT - 2019","56,700 kms / Petrol / 1st Owner","₹8,35,000"
"","Hyundai XCENT PRIME - 2021","2,00,000 kms / CNG","₹3,00,000"
"","Hyundai i10 Magna - 2012","84,000 kms / CNG / 2nd Owner","₹1,80,000"
"","Tata Indigo eCS GLX eMAX - 2015","1,00,000 kms / Hybrid / 1st Owner","₹1,98,765"
"","Audi Q5 30 TDI Premium - 2011","1,58,000 kms / Diesel","₹8,00,000"
"","Maruti Suzuki Swift Dzire Tour LXi - 2024","32,000 kms / CNG","₹5,90,000"
"","Toyota Corolla H1 1.8J - 2010","1,20,000 kms / Petrol","₹2,50,000"
"","Toyota Corolla H1 1.8J - 2010","1,20,000 kms / Petrol","₹2,50,000"
"","Maruti Suzuki FRONX - 2024","14,000 kms / Petrol","₹8,80,000"
"","Hyundai Grand i10 Magna 1.2 Kappa VTVT - 2018","7,396 kms / Petrol","₹4,30,000"
"","Toyota Yaris J - 2020","80,000 kms / Petrol","₹5,50,000"
"","Honda City 1.5 V MT - 2018","99,999 kms / Diesel / 2nd Owner","₹5,49,000"
"","Maruti Suzuki Vitara Brezza ZDi - 2017","1,29,000 kms / Diesel / 2nd Owner","₹4,75,000"
"","Hyundai i20 Active 1.4 SX - 2017","7,00,000 kms / Diesel","₹5,50,000"
"","Maruti Suzuki Grand Vitara MT - 2024","700 kms / Petrol","₹10,50,000"
"","Maruti Suzuki Vitara Brezza ZDI DUAL TONE AMT - 2019","60,000 kms / Diesel / 1st Owner","₹9,00,000"
"","Maruti Suzuki Ertiga VDi - 2014","1,25,000 kms / Diesel","₹3,99,000"
"","Tata Tigor Revotron XE - 2019","37,000 kms / Petrol / 2nd Owner","₹4,50,000"
"","Tata Indigo Marina LX BS III - 2010","9,00,000 kms / Diesel","₹9,98,11,87,140"
"https://teja8.kuikr.com/i5/20260427/2021-Hyundai-XCENT-PRIME---200000-kms-driven-in-Kurla-East-VB201705171774173-ak_LWBP669992638-1777291960_gv.webp","Hyundai XCENT PRIME - 2021","2,00,000 kms / CNG","₹3,00,000"
"https://teja8.kuikr.com/i5/20260427/Grey-2012-Hyundai-i10-Magna---84000-kms-driven-in-Motera-ak_LWBP1883418898-1777291715_gv.webp","Hyundai i10 Magna - 2012","84,000 kms / CNG / 2nd Owner","₹1,80,000"
"https://teja8.kuikr.com/i5/20260427/White-2015-Tata-Indigo-eCS-GLX-eMAX---100000-kms-driven-in-Vikhroli-West-ak_LWBP935068981-1777289630_gv.webp","Tata Indigo eCS GLX eMAX - 2015","1,00,000 kms / Hybrid / 1st Owner","₹1,98,765"
"https://teja8.kuikr.com/i4/20260427/2011-Audi-Q5-30-TDI-Premium---158000-kms-driven-in-Avanti-Vihar-VB201705171774173-ak_LWBP1230524982-1777287297_gv.webp","Audi Q5 30 TDI Premium - 2011","1,58,000 kms / Diesel","₹8,00,000"
"https://teja8.kuikr.com/i5/20260427/2024-Maruti-Suzuki-Swift-Dzire-Tour-LXi---32000-kms-driven-in-Shahdara-VB201705171774173-ak_LWBP2106390994-1777284294_gv.webp","Maruti Suzuki Swift Dzire Tour LXi - 2024","32,000 kms / CNG","₹5,90,000"
"https://teja8.kuikr.com/i5/20260427/2010-Toyota-Corolla-H1-18J---120000-kms-driven-in-Jaydev-Vihar-VB201705171774173-ak_LWBP1637753989-1777283623_gv.webp","Toyota Corolla H1 1.8J - 2010","1,20,000 kms / Petrol","₹2,50,000"
"https://teja8.kuikr.com/i5/20260427/2010-Toyota-Corolla-H1-18J---120000-kms-driven-in-Jaydev-Vihar-VB201705171774173-ak_LWBP1637753989-1777283623_gv.webp","Toyota Corolla H1 1.8J - 2010","1,20,000 kms / Petrol","₹2,50,000"
"https://teja8.kuikr.com/i5/20260427/Red-2024-Maruti-Suzuki-FRONX---14000-kms-driven-in-Lucknow-Road-VB201705171774173-ak_LWBP1929365668-1777282696_gv.webp","Maruti Suzuki FRONX - 2024","14,000 kms / Petrol","₹8,80,000"
"https://teja8.kuikr.com/i4/20260427/STAR-DUST-2018-Hyundai-Grand-i10-Magna-12-Kappa-VTVT---7396-kms-driven-in-Rajpur-Road-VB201705171774173-ak_WBP775291794-1777280476_gv.webp","Hyundai Grand i10 Magna 1.2 Kappa VTVT - 2018","7,396 kms / Petrol","₹4,30,000"
"https://teja8.kuikr.com/i4/20260427/White-2020-Toyota-Yaris-J---80000-kms-driven-in-VB201705171774173-ak_LWBP1695976371-1777276288_gv.webp","Toyota Yaris J - 2020","80,000 kms / Petrol","₹5,50,000"
"https://teja8.kuikr.com/i5/20260427/Silver-2018-Honda-City-15-V-MT---99999-kms-driven-in-Chakbhabani-ak_LWBP2036839294-1777278174_gv.webp","Honda City 1.5 V MT - 2018","99,999 kms / Diesel / 2nd Owner","₹5,49,000"
"https://teja8.kuikr.com/i4/20260427/Silver-2017-Maruti-Suzuki-Vitara-Brezza-ZDi---129000-kms-driven-in-Rash-Behari-Avenue-ak_LWBP904632483-1777274022_gv.webp","Maruti Suzuki Vitara Brezza ZDi - 2017","1,29,000 kms / Diesel / 2nd Owner","₹4,75,000"
"https://teja8.kuikr.com/i6/20260427/Silver-2017-Hyundai-i20-Active-14-SX---700000-kms-driven-in-Civil-Lines-VB201705171774173-ak_LWBP545771852-1777266697_gv.webp","Hyundai i20 Active 1.4 SX - 2017","7,00,000 kms / Diesel","₹5,50,000"
"https://teja8.kuikr.com/i6/20260426/2024-Maruti-Suzuki-Grand-Vitara-MT---700-kms-driven-in-Sector-4-VB201705171774173-ak_LWBP296195255-1777169817_gv.webp","Maruti Suzuki Grand Vitara MT - 2024","700 kms / Petrol","₹10,50,000"
"https://teja8.kuikr.com/i5/20260426/Red-2019-Maruti-Suzuki-Vitara-Brezza-ZDI--DUAL-TONE-AMT---60000-kms-driven-in-Jayanagar-3rd-Block-East-ak_LWBP2016824194-1777195751_gv.webp","Maruti Suzuki Vitara Brezza ZDI DUAL TONE AMT - 2019","60,000 kms / Diesel / 1st Owner","₹9,00,000"
"https://teja8.kuikr.com/i6/20260426/2014-Maruti-Suzuki-Ertiga-VDi---125000-kms-driven-in-Navsari-VB201705171774173-ak_LWBP587340221-1777202442_gv.webp","Maruti Suzuki Ertiga VDi - 2014","1,25,000 kms / Diesel","₹3,99,000"
"https://teja8.kuikr.com/i6/20260426/Red-2019-Tata-Tigor-Revotron-XE---37000-kms-driven-in-ak_LWBP2023643648-1777208232_gv.webp","Tata Tigor Revotron XE - 2019","37,000 kms / Petrol / 2nd Owner","₹4,50,000"
"https://teja8.kuikr.com/i5/20260426/2010-Tata-Indigo-Marina-LX-BS-III---900000-kms-driven-in-Akashwani-Colony-VB201705171774173-ak_LWBP1804370251-1777215803_gv.webp","Tata Indigo Marina LX BS III - 2010","9,00,000 kms / Diesel","₹9,98,11,87,140"
"https://teja8.kuikr.com/i4/20260427/2019-Maruti-Suzuki-Baleno-ZETA-12-K12-CVT---84500-kms-driven-in-Coimbatore-Airport-VB201705171774173-ak_WBP623357979-1777257749_gv.webp","Maruti Suzuki Baleno ZETA 1.2 K12 CVT - 2019","84,500 kms / Petrol","₹5,75,000"
"https://teja8.kuikr.com/i6/20260426/2018-Maruti-Suzuki-Swift-Dzire-ZXi-12-BS-IV---41000-kms-driven-in-Durgapur-VB201705171774173-ak_LWBP1638039143-1777182311_gv.webp","Maruti Suzuki Swift Dzire ZXi 1.2 BS IV - 2018","41,000 kms / Petrol","₹5,25,000"
"https://teja8.kuikr.com/i4/20260426/White-2024-Tata-Winger-Deluxe-Hi-Roof-AC---62000-kms-driven-in-Mirza-VB201705171774173-ak_WBP119259525-1777202243_gv.webp","Tata Winger Deluxe Hi Roof AC - 2024","62,000 kms / Diesel","₹18,00,000"
"https://teja8.kuikr.com/i5/20260427/2014-Maruti-Suzuki-Swift-Dzire-VXi-12-BS-IV---90000-kms-driven-in-Raghunathpur-VB201705171774173-ak_WBP384909688-1777256398_gv.webp","Maruti Suzuki Swift Dzire VXi 1.2 BS IV - 2014","90,000 kms / Petrol","₹2,75,000"
"","Maruti Suzuki XL6 Zeta MT Petrol - 2021","40,000 kms / Petrol","₹9,00,000"
"","Honda Amaze 1.5 EMT I DTEC - 2017","84,945 kms / CNG","₹3,70,000"
"","Hyundai XCENT PRIME - 2018","15,000 kms / Diesel","₹3,50,000"
"","Toyota Innova 2.5 G3 - 2008","4,53,000 kms / Diesel","₹5,50,000"
"","Tata Indica V2 DLS BSII - 2010","61,000 kms / Diesel","₹82,000"
"","Maruti Suzuki Alto K10 New - 2023","65,000 kms / Petrol","₹3,50,000"
"","Kia Sonet HTK Plus 1.5 - 2024","32,000 kms / Petrol","₹8,50,000"
"","Ford EcoSport Titanium Plus 1.5L TDCi - 2020","39,500 kms / Diesel","₹8,30,000"
"","Maruti Suzuki Vitara Brezza ZDI DUAL TONE AMT - 2019","60,000 kms / Diesel / 1st Owner","₹9,00,000"
"","Honda City V Petrol - 2008","80,000 kms / Hybrid / 2nd Owner","₹1,45,000"
"","Maruti Suzuki Alto 800 Vxi Airbag - 2021","40,000 kms / Petrol / 3rd Owner","₹3,20,000"
"","Maruti Suzuki Celerio LXi - 2014","75,000 kms / Petrol / 2nd Owner","₹2,60,000"
"","Maruti Suzuki CELERIO X ZXI OPT AMT - 2014","75,000 kms / Petrol / 2nd Owner","₹2,60,000"
"","Maruti Suzuki Celerio VXI CNG OPT - 2020","68,300 kms / CNG","₹4,25,000"
"","Maruti Suzuki Celerio VXi CNG - 2020","68,000 kms / CNG / 2nd Owner","₹4,25,000"
"","Hyundai Verna 1.4 EX - 2013","1,30,000 kms / Diesel","₹3,50,000"
"","Skoda Rapid STYLE 1.0TSI MT - 2021","85,998 kms / Petrol / 2nd Owner","₹5,80,000"
"","Ford Figo Aspire Ambiente 1.5 TDCi - 2016","85,500 kms / Diesel / 1st Owner","₹3,00,000"
"","Maruti Suzuki Swift VDi - 2016","62,000 kms / Diesel","₹4,30,000"
"","Mahindra Xylo E8 BS III - 2010","1,05,000 kms / Diesel / 2nd Owner","₹1,95,000"
"https://teja8.kuikr.com/i5/20260425/2021-Maruti-Suzuki-XL6-Zeta-MT-Petrol---40000-kms-driven-in-Bilhari-VB201705171774173-ak_WBP1262671783-1777131823_gv.webp","Maruti Suzuki XL6 Zeta MT Petrol - 2021","40,000 kms / Petrol","₹9,00,000"
"https://teja8.kuikr.com/i5/20260426/2008-Toyota-Innova-25-G3---453000-kms-driven-in-Devarachikkanahalli-VB201705171774173-ak_LWBP1549450831-1777212677_gv.webp","Toyota Innova 2.5 G3 - 2008","4,53,000 kms / Diesel","₹5,50,000"
"https://teja8.kuikr.com/i4/20260427/2010-Tata-Indica-V2-DLS-BSII---61000-kms-driven-in-VB201705171774173-ak_WBP454338675-1777247792_gv.webp","Tata Indica V2 DLS BSII - 2010","61,000 kms / Diesel","₹82,000"
"https://teja8.kuikr.com/i5/20260427/2023-Maruti-Suzuki-Alto-K10-New---65000-kms-driven-in-Attur-VB201705171774173-ak_LWBP528475342-1777260323_gv.webp","Maruti Suzuki Alto K10 New - 2023","65,000 kms / Petrol","₹3,50,000"
"https://teja8.kuikr.com/i5/20260426/White-2024-Kia-Sonet-HTK-Plus-15---32000-kms-driven-in-Rajinder-Nagar-VB201705171774173-ak_LWBP831696193-1777209102_gv.webp","Kia Sonet HTK Plus 1.5 - 2024","32,000 kms / Petrol","₹8,50,000"
"https://teja8.kuikr.com/i5/20260426/White-2020-Ford-EcoSport-Titanium-Plus-15L-TDCi---39500-kms-driven-in-Naya-Raipur-VB201705171774173-ak_LWBP780930412-1777203727_gv.webp","Ford EcoSport Titanium Plus 1.5L TDCi - 2020","39,500 kms / Diesel","₹8,30,000"
"https://teja8.kuikr.com/i5/20260426/Red-2019-Maruti-Suzuki-Vitara-Brezza-ZDI--DUAL-TONE-AMT---60000-kms-driven-in-ak_LWBP2016824194-1777195751_gv.webp","Maruti Suzuki Vitara Brezza ZDI DUAL TONE AMT - 2019","60,000 kms / Diesel / 1st Owner","₹9,00,000"
"https://teja8.kuikr.com/i4/20260426/Grey-2008-Honda-City-V-Petrol---80000-kms-driven-in-Dahisar-East-ak_LWBP164711949-1777227971_gv.webp","Honda City V Petrol - 2008","80,000 kms / Hybrid / 2nd Owner","₹1,45,000"
"https://teja8.kuikr.com/i5/20260425/Other-2021-Maruti-Suzuki-Alto-800-Vxi-Airbag---40000-kms-driven-in-ak_LWBP476063149-1777124268_gv.webp","Maruti Suzuki Alto 800 Vxi Airbag - 2021","40,000 kms / Petrol / 3rd Owner","₹3,20,000"
"https://teja8.kuikr.com/i6/20260426/Red-2014-Maruti-Suzuki-Celerio-LXi---75000-kms-driven-in-Lingampally-ak_LWBP1900774049-1777209385_gv.webp","Maruti Suzuki Celerio LXi - 2014","75,000 kms / Petrol / 2nd Owner","₹2,60,000"
"https://teja8.kuikr.com/i5/20260426/Red-2014-Maruti-Suzuki-CELERIO-X-ZXI-OPT-AMT---75000-kms-driven-in-Lingampally-ak_LWBP278755144-1777209999_gv.webp","Maruti Suzuki CELERIO X ZXI OPT AMT - 2014","75,000 kms / Petrol / 2nd Owner","₹2,60,000"
"https://teja8.kuikr.com/i5/20260326/White-2020-Maruti-Suzuki-Celerio-VXI-CNG-OPT---68300-kms-driven-in-Bijalpur-VB201705171774173-ak_LWBP1187541073-1774507769_gv.webp","Maruti Suzuki Celerio VXI CNG OPT - 2020","68,300 kms / CNG","₹4,25,000"
"https://teja8.kuikr.com/i4/20260318/White-2020-Maruti-Suzuki-Celerio-VXi-CNG---68000-kms-driven-in-Bijalpur-ak_LWBP369493851-1773819682_gv.webp","Maruti Suzuki Celerio VXi CNG - 2020","68,000 kms / CNG / 2nd Owner","₹4,25,000"
"https://teja8.kuikr.com/i5/20260425/White-2013-Hyundai-Verna-14-EX---130000-kms-driven-in-Kolathur-VB201705171774173-ak_LWBP1466543911-1777120303_gv.webp","Hyundai Verna 1.4 EX - 2013","1,30,000 kms / Diesel","₹3,50,000"
"https://teja8.kuikr.com/i5/20260425/White-2021-Skoda-Rapid-STYLE-10TSI-MT---85998-kms-driven-in-Chala-ak_LWBP709253368-1777119969_gv.webp","Skoda Rapid STYLE 1.0TSI MT - 2021","85,998 kms / Petrol / 2nd Owner","₹5,80,000"
"https://teja8.kuikr.com/i5/20260425/Silver-2016-Ford-Figo-Aspire-Ambiente-15-TDCi---85500-kms-driven-in-Sector-81-ak_LWBP1542453880-1777119326_gv.webp","Ford Figo Aspire Ambiente 1.5 TDCi - 2016","85,500 kms / Diesel / 1st Owner","₹3,00,000"
"https://teja8.kuikr.com/i4/20260425/White-2016-Maruti-Suzuki-Swift-VDi---62000-kms-driven-in-George-Town-VB201705171774173-ak_LWBP1816300248-1777111057_gv.webp","Maruti Suzuki Swift VDi - 2016","62,000 kms / Diesel","₹4,30,000"
"https://teja8.kuikr.com/i6/20260425/Golden-2010-Mahindra-Xylo-E8-BS-III---105000-kms-driven-in-Mira-Road-ak_LWBP1670295116-1777109440_gv.webp","Mahindra Xylo E8 BS III - 2010","1,05,000 kms / Diesel / 2nd Owner","₹1,95,000"
"https://teja8.kuikr.com/i5/20260425/2021-Maruti-Suzuki-Ignis-Zeta-12-MT---49100-kms-driven-in-Mayur-Vihar-1-VB201705171774173-ak_WBP1154900041-1777107095_gv.webp","Maruti Suzuki Ignis Zeta 1.2 MT - 2021","49,100 kms / Petrol","₹3,95,000"
"https://teja9.kuikr.com/images/car/default-cars.jpeg","Mahindra Bolero XL 9 Str - 2013","75,000 kms / Diesel / 1st Owner","₹4,50,000"
"https://teja8.kuikr.com/i6/20260425/2017-Hyundai-Creta-16-SX-Plus-Petrol---77632-kms-driven-in-Raja-Rajeshwari-Nagar-VB201705171774173-ak_WBP738392882-1777100330_gv.webp","Hyundai Creta 1.6 SX Plus Petrol - 2017","77,632 kms / Petrol","₹7,99,000"
"https://teja8.kuikr.com/i5/20260424/2015-Tata-Nano-GenX-XT---30000-kms-driven-in-Mulund-East-VB201705171774173-ak_LWBP1383923497-1777028410_gv.webp","Tata Nano GenX XT - 2015","30,000 kms / Petrol","₹1,50,000"
"https://teja8.kuikr.com/i4/20260424/2018-Toyota-Innova-Crysta-28-ZX-AT-7-STR---45000-kms-driven-in-Kengeri-Satellite-Town-VB201705171774173-ak_LWBP2065350120-1777044418_gv.webp","Toyota Innova Crysta 2.8 ZX AT 7 STR - 2018","45,000 kms / Diesel","₹25,00,000"
"https://teja8.kuikr.com/i4/20260425/2015-Tata-Nano-Twist-XT---30000-kms-driven-in-Mulund-East-VB201705171774173-ak_LWBP874945446-1777092091_gv.webp","Tata Nano Twist XT - 2015","30,000 kms / Petrol","₹1,50,000"
"https://teja8.kuikr.com/i6/20260425/Silver-2010-Maruti-Suzuki-Swift-VDi---110000-kms-driven-in-Korattur-ak_LWBP211781930-1777081413_gv.webp","Maruti Suzuki Swift VDi - 2010","1,10,000 kms / Diesel / 1st Owner","₹2,75,000"
"https://teja8.kuikr.com/i4/20260424/Black-2021-Kia-Sonet-HTK-Plus-15---55000-kms-driven-in-Mira-Road-ak_LWBP53833254-1777044145_gv.webp","Kia Sonet HTK Plus 1.5 - 2021","55,000 kms / Petrol / 2nd Owner","₹7,00,000"
"","Hyundai i20 Active 1.2 SX - 2017","59,000 kms / Petrol","₹4,25,000"
"","Maruti Suzuki Alto 800 Lxi - 2015","41,411 kms / Petrol / 1st Owner","₹2,50,000"
"","Mahindra Bolero SLX 2WD BSII - 2011","1,10,000 kms / Diesel","₹3,60,000"
"","Tata Nexon XZ Plus Diesel - 2017","76,000 kms / Diesel","₹4,30,000"
"","Toyota Innova Crysta 2.8 ZX AT 7 STR - 2018","45,000 kms / Diesel","₹25,00,000"
"","Kia Seltos HTE 1.5 Diesel - 2023","29,000 kms / Diesel","₹12,90,000"
"","Tata Nexon XZA Plus Petrol Dual Tone - 2022","12,600 kms / Petrol","₹9,00,000"
"","Hyundai Grand i10 1.2 KAPPA SPORTZ O  - 2018","65,000 kms / CNG","₹3,50,000"
"","Maruti Suzuki Vitara Brezza ZDi - 2017","1,05,700 kms / Diesel / 1st Owner","₹5,10,000"
"","Chevrolet Cruze LTZ AT - 2011","1,38,665 kms / Diesel","₹3,80,000"
"","Maruti Suzuki Zen Estilo - 2007","1,22,000 kms / Petrol / 3rd Owner","₹1,40,000"
"","Maruti Suzuki Swift Dzire - 2020","200 kms / Diesel / 2nd Owner","₹3"
"","Maruti Suzuki Swift Dzire VXI AT - 2024","18,000 kms / CNG","₹6,85,000"
"","Renault Captur Renault Captur - 2019","75,000 kms / Diesel / 2nd Owner","₹5,50,000"
"","Maruti Suzuki Alto 800 Vxi - 2018","35,000 kms / Petrol / 1st Owner","₹2,85,000"
"","Ford Figo Petrol ZXI - 2010","68,030 kms / Petrol","₹1,89,999"
"https://teja8.kuikr.com/i5/20260325/2017-Hyundai-i20-Active-12-SX---59000-kms-driven-in-Vijay-Nagar-VB201705171774173-ak_LWBP1676603212-1774439152_gv.webp","Hyundai i20 Active 1.2 SX - 2017","59,000 kms / Petrol","₹4,25,000"
"https://teja8.kuikr.com/i6/20260424/White-2015-Maruti-Suzuki-Alto-800-Lxi---41411-kms-driven-in-Nileshwaram-ak_LWBP1787999351-1777034191_gv.webp","Maruti Suzuki Alto 800 Lxi - 2015","41,411 kms / Petrol / 1st Owner","₹2,50,000"
"https://teja8.kuikr.com/i5/20260425/White-2011-Mahindra-Bolero-SLX-2WD-BSII---110000-kms-driven-in-Suba-Nagar-VB201705171774173-ak_WBP891204991-1777088595_gv.webp","Mahindra Bolero SLX 2WD BSII - 2011","1,10,000 kms / Diesel","₹3,60,000"
"https://teja8.kuikr.com/i5/20260424/Red-2017-Tata-Nexon-XZ-Plus-Diesel---76000-kms-driven-in-Gulab-Nagar-VB201705171774173-ak_LWBP1427436193-1777034967_gv.webp","Tata Nexon XZ Plus Diesel - 2017","76,000 kms / Diesel","₹4,30,000"
"https://teja8.kuikr.com/i4/20260424/2018-Toyota-Innova-Crysta-28-ZX-AT-7-STR---45000-kms-driven-in-Kengeri-Satellite-Town-VB201705171774173-ak_LWBP2065350120-1777044418_gv.webp","Toyota Innova Crysta 2.8 ZX AT 7 STR - 2018","45,000 kms / Diesel","₹25,00,000"
"https://teja8.kuikr.com/i5/20260425/2023-Kia-Seltos-HTE-15-Diesel---29000-kms-driven-in-Hanamkonda-VB201705171774173-ak_LWBP1375845952-1777090358_gv.webp","Kia Seltos HTE 1.5 Diesel - 2023","29,000 kms / Diesel","₹12,90,000"
"https://teja8.kuikr.com/i6/20260425/Green-2022-Tata-Nexon-XZA-Plus-Petrol-Dual-Tone---12600-kms-driven-in-VB201705171774173-ak_LWBP939144287-1777082710_gv.webp","Tata Nexon XZA Plus Petrol Dual Tone - 2022","12,600 kms / Petrol","₹9,00,000"
"https://teja9.kuikr.com/images/car/default-cars.jpeg","Hyundai Grand i10 1.2 KAPPA SPORTZ O  - 2018","65,000 kms / CNG","₹3,50,000"
"https://teja8.kuikr.com/i4/20260424/Red-2017-Maruti-Suzuki-Vitara-Brezza-ZDi---105700-kms-driven-in-ak_LWBP1665292896-1777022657_gv.webp","Maruti Suzuki Vitara Brezza ZDi - 2017","1,05,700 kms / Diesel / 1st Owner","₹5,10,000"
"https://teja8.kuikr.com/i4/20260424/2011-Chevrolet-Cruze-LTZ-AT---138665-kms-driven-in-Lb-Nagar-VB201705171774173-ak_LWBP1082833086-1777022869_gv.webp","Chevrolet Cruze LTZ AT - 2011","1,38,665 kms / Diesel","₹3,80,000"
"https://teja8.kuikr.com/i6/20260424/Silver-2007-Maruti-Suzuki-Zen-Estilo---122000-kms-driven-in-Mangadu-ak_LWBP573109730-1777028880_gv.webp","Maruti Suzuki Zen Estilo - 2007","1,22,000 kms / Petrol / 3rd Owner","₹1,40,000"
"https://teja8.kuikr.com/i5/20260424/Black-2020-Maruti-Suzuki-Swift-Dzire---200-kms-driven-in-Kodambakkam-ak_LWBP1938595687-1777026748_gv.webp","Maruti Suzuki Swift Dzire - 2020","200 kms / Diesel / 2nd Owner","₹3"
"https://teja9.kuikr.com/images/car/default-cars.jpeg","Maruti Suzuki Swift Dzire VXI AT - 2024","18,000 kms / CNG","₹6,85,000"
"https://teja8.kuikr.com/i6/20260424/Brown-2019-Renault-Captur-Renault-Captur---75000-kms-driven-in-Thalaghattapura-ak_LWBP310923770-1777024536_gv.webp","Renault Captur Renault Captur - 2019","75,000 kms / Diesel / 2nd Owner","₹5,50,000"
"https://teja8.kuikr.com/i4/20260421/Red-2018-Maruti-Suzuki-Alto-800-Vxi---35000-kms-driven-in-ak_LWBP1847243751-1776739189_gv.webp","Maruti Suzuki Alto 800 Vxi - 2018","35,000 kms / Petrol / 1st Owner","₹2,85,000"
"https://teja9.kuikr.com/images/car/default-cars.jpeg","Ford Figo Petrol ZXI - 2010","68,030 kms / Petrol","₹1,89,999"
"https://teja8.kuikr.com/i5/20260423/Silver-2000-Maruti-Suzuki-Alto-800-Lxi---60000-kms-driven-in-Tirumangalam-VB201705171774173-ak_LWBP1353794797-1776924633_gv.webp","Maruti Suzuki Alto 800 Lxi - 2000","60,000 kms / Petrol","₹60,000"
"https://teja8.kuikr.com/i6/20260424/2024-Maruti-Suzuki-BREZZA---26000-kms-driven-in-Pali-Road-VB201705171774173-ak_LWBP1272984920-1777013710_gv.webp","Maruti Suzuki BREZZA - 2024","26,000 kms / Petrol","₹8,00,000"
"https://teja8.kuikr.com/i5/20260424/Ivory-White-2010-Tata-Nano-Cx-BSIII---37000-kms-driven-in-VB201705171774173-ak_WBP1638866965-1777011482_gv.webp","Tata Nano Cx BSIII - 2010","37,000 kms / Petrol","₹55,000"
"https://teja8.kuikr.com/i6/20260424/Black-2024-Mahindra-XUV400---15879-kms-driven-in-ak_LWBP607707926-1777011478_gv.webp","Mahindra XUV400 - 2024","15,879 kms / Electric / 1st Owner","₹14,00,000"
"https://teja8.kuikr.com/i6/20260424/2021-Nissan-MAGNITE-XV-TURBO-MT---63000-kms-driven-in-Juhi-VB201705171774173-ak_WBP545819588-1777008628_gv.webp","Nissan MAGNITE XV TURBO MT - 2021","63,000 kms / Petrol","₹4,10,000"
"https://teja8.kuikr.com/i6/20260423/2010-Maruti-Suzuki-Wagon-R-VXi-Minor---80000-kms-driven-in-Guwahati-Airport-VB201705171774173-ak_LWBP1986244421-1776953657_gv.webp","Maruti Suzuki Wagon R VXi Minor - 2010","80,000 kms / Petrol","₹1,65,000"
"https://teja8.kuikr.com/i5/20260423/2013-Volkswagen-Jetta-20L-TDI-Highline---169000-kms-driven-in-Hormavu-VB201705171774173-ak_LWBP223618543-1776958130_gv.webp","Volkswagen Jetta 2.0L TDI Highline - 2013","1,69,000 kms / Diesel","₹5,10,000"
"","Skoda Superb Elegance 1.8 TSI AT - 2012","9,50,000 kms / Petrol","₹1,80,000"
"","Ford Figo Aspire 1.2 TITANIUM PETROL - 2015","1,00,000 kms / Petrol","₹2,50,000"
"","Mahindra Thar LX 4 STR Convertible Petrol AT 4WD - 2023","20,000 kms / Petrol","₹15,00,000"
"","Honda Brio 1.2 E MT I VTEC - 2018","48,000 kms / Petrol","₹3,00,000"
"","Renault Duster 85 PS RxL Diesel - 2013","1,26,000 kms / Diesel / 3rd Owner","₹3,50,000"
"","Hyundai Verna 1.6 SX - 2013","49,000 kms / Petrol / 2nd Owner","₹1,70,000"
"","Maruti Suzuki Alto K10 LXi - 2011","71,000 kms / Petrol / 1st Owner","₹1,90,000"
"","Toyota Etios Liva GD - 2013","1,52,000 kms / Diesel","₹4,45,000"
"","Maruti Suzuki Alto 800 Lxi - 2010","60,000 kms / Petrol / 1st Owner","₹1,25,000"
"","Mercedes Benz M Class ML 250 CDI - 2014","44,000 kms / Diesel / 1st Owner","₹14,75,000"
"","Skoda Rapid 1.6 MPI Elegance AT - 2014","67,000 kms / Petrol","₹3,50,000"
"","Maruti Suzuki Alto K10 VXi AMT - 2017","62,500 kms / Petrol","₹2,55,000"
"","Maruti Suzuki Eeco 7 STR - 2012","1,50,000 kms / CNG","₹99,800"
"","Maruti Suzuki New Wagon R - 2021","66,700 kms / CNG","₹3,85,000"
"","Maruti Suzuki Gypsy King HT BS III - 2019","45,000 kms / Petrol","₹4,80,000"
"","Hyundai Creta SX PETROL MT - 2022","40,000 kms / Petrol / 1st Owner","₹13,00,000"
"","Maruti Suzuki Wagon R VXi BS III - 2016","51,000 kms / Petrol","₹3,15,000"
"https://teja8.kuikr.com/i5/20260424/2012-Skoda-Superb-Elegance-18-TSI-AT---950000-kms-driven-in-Dwarka-Mor-VB201705171774173-ak_WBP649580281-1776985919_gv.webp","Skoda Superb Elegance 1.8 TSI AT - 2012","9,50,000 kms / Petrol","₹1,80,000"
"https://teja9.kuikr.com/images/car/default-cars.jpeg","Ford Figo Aspire 1.2 TITANIUM PETROL - 2015","1,00,000 kms / Petrol","₹2,50,000"
"https://teja8.kuikr.com/i5/20260423/2023-Mahindra-Thar-LX-4-STR-Convertible-Petrol-AT-4WD---20000-kms-driven-in-Chhoti-Pahari-VB201705171774173-ak_LWBP1440270415-1776965007_gv.webp","Mahindra Thar LX 4 STR Convertible Petrol AT 4WD - 2023","20,000 kms / Petrol","₹15,00,000"
"https://teja8.kuikr.com/i4/20260424/2018-Honda-Brio-12-E-MT-I-VTEC---48000-kms-driven-in-L-I-G-Colony-VB201705171774173-ak_LWBP168795513-1777001070_gv.webp","Honda Brio 1.2 E MT I VTEC - 2018","48,000 kms / Petrol","₹3,00,000"
"https://teja9.kuikr.com/images/car/default-cars.jpeg","Renault Duster 85 PS RxL Diesel - 2013","1,26,000 kms / Diesel / 3rd Owner","₹3,50,000"
"https://teja8.kuikr.com/i6/20260423/Red-2013-Hyundai-Verna-16-SX---49000-kms-driven-in-Kestopur-ak_LWBP1286643416-1776961769_gv.webp","Hyundai Verna 1.6 SX - 2013","49,000 kms / Petrol / 2nd Owner","₹1,70,000"
"https://teja8.kuikr.com/i5/20260420/Red-2011-Maruti-Suzuki-Alto-K10-LXi---71000-kms-driven-in-ak_LWBP1635347836-1776661947_gv.webp","Maruti Suzuki Alto K10 LXi - 2011","71,000 kms / Petrol / 1st Owner","₹1,90,000"
"https://teja8.kuikr.com/i4/20260423/2013-Toyota-Etios-Liva-GD---152000-kms-driven-in-Hoskote-Malur-Road-VB201705171774173-ak_LWBP1432292718-1776937098_gv.webp","Toyota Etios Liva GD - 2013","1,52,000 kms / Diesel","₹4,45,000"
"https://teja8.kuikr.com/i5/20260423/Red-2010-Maruti-Suzuki-Alto-800-Lxi---60000-kms-driven-in-Old-Malakpet-ak_LWBP863442808-1776932476_gv.webp","Maruti Suzuki Alto 800 Lxi - 2010","60,000 kms / Petrol / 1st Owner","₹1,25,000"
"https://teja8.kuikr.com/i6/20260221/Brown-2014-Mercedes-Benz-M-Class-ML-250-CDI---44000-kms-driven-in-Kalina-ak_LWBP1325317295-1771675200_gv.webp","Mercedes Benz M Class ML 250 CDI - 2014","44,000 kms / Diesel / 1st Owner","₹14,75,000"
"https://teja8.kuikr.com/i6/20260423/Beige-2014-Skoda-Rapid-16-MPI-Elegance-AT---67000-kms-driven-in-Chanda-Nagar-VB201705171774173-ak_LWBP1483026368-1776925829_gv.webp","Skoda Rapid 1.6 MPI Elegance AT - 2014","67,000 kms / Petrol","₹3,50,000"
"https://teja8.kuikr.com/i6/20260422/2017-Maruti-Suzuki-Alto-K10-VXi-AMT---62500-kms-driven-in-Polayathodu-VB201705171774173-ak_LWBP1706851640-1776869927_gv.webp","Maruti Suzuki Alto K10 VXi AMT - 2017","62,500 kms / Petrol","₹2,55,000"
"https://teja8.kuikr.com/i6/20260422/2012-Maruti-Suzuki-Eeco-7-STR---150000-kms-driven-in-Civil-Lines-South-VB201705171774173-ak_LWBP855310229-1776871385_gv.webp","Maruti Suzuki Eeco 7 STR - 2012","1,50,000 kms / CNG","₹99,800"
"https://teja8.kuikr.com/i6/20260422/2021-Maruti-Suzuki-New-Wagon-R---66700-kms-driven-in-Pul-Pahladpur-VB201705171774173-ak_LWBP728638532-1776873278_gv.webp","Maruti Suzuki New Wagon R - 2021","66,700 kms / CNG","₹3,85,000"
"https://teja8.kuikr.com/i6/20260422/2019-Maruti-Suzuki-Gypsy-King-HT-BS-III---45000-kms-driven-in-kais-village-VB201705171774173-ak_WBP1830324893-1776877665_gv.webp","Maruti Suzuki Gypsy King HT BS III - 2019","45,000 kms / Petrol","₹4,80,000"
"https://teja8.kuikr.com/i4/20260422/White-2022-Hyundai-Creta-SX-PETROL-MT---40000-kms-driven-in-ak_LWBP1979736282-1776878913_gv.webp","Hyundai Creta SX PETROL MT - 2022","40,000 kms / Petrol / 1st Owner","₹13,00,000"
"https://teja8.kuikr.com/i4/20260423/2016-Maruti-Suzuki-Wagon-R-VXi-BS-III---51000-kms-driven-in-Sector-91-VB201705171774173-ak_WBP13648509-1776913280_gv.webp","Maruti Suzuki Wagon R VXi BS III - 2016","51,000 kms / Petrol","₹3,15,000"
"https://teja8.kuikr.com/i4/20260422/2011-Hyundai-i20-Asta-14-CRDI---146000-kms-driven-in-Ujalaiwadi-VB201705171774173-ak_LWBP945501432-1776864893_gv.webp","Hyundai i20 Asta 1.4 CRDI - 2011","1,46,000 kms / Diesel","₹2,20,000"
"https://teja8.kuikr.com/i6/20260422/Grey-2016-Mercedes-Benz-GLA-200-Sport---148000-kms-driven-in-Nashik-Road-ak_LWBP488881136-1776870184_gv.webp","Mercedes Benz GLA 200 Sport - 2016","1,48,000 kms / Diesel / 2nd Owner","₹10,21,000"
"https://teja8.kuikr.com/i5/20260422/Black-2022-Renault-Kwid-10-RXT---9000-kms-driven-in-Mahavir-Enclave-VB201705171774173-ak_LWBP1095166312-1776853964_gv.webp","Renault Kwid 1.0 RXT - 2022","9,000 kms / Petrol","₹4,00,000"
"https://teja8.kuikr.com/i6/20260422/2019-Tata-Tiago-XE-12-REVOTRON---82000-kms-driven-in-Jagatpur-VB201705171774173-ak_WBP387845198-1776857335_gv.webp","Tata Tiago XE 1.2 REVOTRON - 2019","82,000 kms / Petrol","₹3,50,000"
"https://teja8.kuikr.com/i5/20260422/Beige-2015-Maruti-Suzuki-Wagon-R-VXI-BS-IV-with-ABS---60000-kms-driven-in-Ankuli-ak_LWBP1547568406-1776853444_gv.webp","Maruti Suzuki Wagon R VXI BS IV with ABS - 2015","60,000 kms / Petrol / 1st Owner","₹2,80,000"
"","Maruti Suzuki Wagon R VXI BS IV with ABS - 2015","60,000 kms / Petrol / 1st Owner","₹2,80,000"
"","Ford Fiesta 1.6 Duratec EXI - 2011","70,000 kms / Petrol","₹1,30,000"
"","Toyota Urban Cruiser Premium AT - 2023","41,000 kms / Petrol / 1st Owner","₹14,00,000"
"","Tata Safari Storme 2.2 EX 4x2 - 2015","1,00,000 kms / Diesel","₹6,00,000"
"","Hyundai Elite i20 Asta 1.2 - 2015","62,000 kms / Petrol","₹3,71,000"
"","BMW X3 XDRIVE 20D - 2011","74,100 kms / Diesel / 2nd Owner","₹12,00,000"
"","Maruti Suzuki Ertiga ZDI Plus SHVS - 2017","98,413 kms / Diesel","₹7,50,000"
"","Mercedes Benz GLA 200 Sport - 2016","1,48,000 kms / Diesel / 2nd Owner","₹10,21,000"
"","Hyundai Verna Fluidic - 2011","1,44,500 kms / Diesel / 2nd Owner","₹3,50,000"
"","Hyundai Verna Fluidic - 2011","1,44,500 kms / Diesel / 2nd Owner","₹3,50,000"
"","Hyundai Verna Fluidic - 2011","1,44,500 kms / Diesel / 2nd Owner","₹3,50,000"
"","Maruti Suzuki Swift Dzire VDi - 2020","99,000 kms / Diesel","₹5,80,000"
"","Maruti Suzuki Swift VXI BSIII - 2014","63,000 kms / Petrol","₹3,30,000"
"","Ford EcoSport Titanium 1.5 TDCi - 2015","1,00,000 kms / Petrol","₹3,25,000"
"","BMW 5 Series 520d - 2011","1,40,000 kms / Diesel / 3rd Owner","₹6,50,000"
"","MG Motors Astor - 2021","32,000 kms / Petrol","₹15,00,000"
"","Hyundai Sonata Embera 2.4L MT - 2006","80,000 kms / Petrol","₹1,99,999"
"","Mercedes Benz CLA Class 200 CDI Sport - 2019","65,000 kms / Diesel","₹18,00,000"
"","Maruti Suzuki BREZZA - 2020","57,000 kms / Diesel","₹8,75,000"
"https://teja8.kuikr.com/i4/20260422/Beige-2015-Maruti-Suzuki-Wagon-R-VXI-BS-IV-with-ABS---60000-kms-driven-in-Ankuli-ak_LWBP1361360826-1776851377_gv.webp","Maruti Suzuki Wagon R VXI BS IV with ABS - 2015","60,000 kms / Petrol / 1st Owner","₹2,80,000"
"https://teja9.kuikr.com/images/car/default-cars.jpeg","Ford Fiesta 1.6 Duratec EXI - 2011","70,000 kms / Petrol","₹1,30,000"
"https://teja8.kuikr.com/i6/20260422/Grey-2023-Toyota-Urban-Cruiser-Premium-AT---41000-kms-driven-in-Shanthi-Nagar-ak_LWBP529127663-1776845272_gv.webp","Toyota Urban Cruiser Premium AT - 2023","41,000 kms / Petrol / 1st Owner","₹14,00,000"
"https://teja8.kuikr.com/i5/20260422/2015-Tata-Safari-Storme-22-EX-4x2---100000-kms-driven-in-Tajganj-VB201705171774173-ak_LWBP1764632056-1776843091_gv.webp","Tata Safari Storme 2.2 EX 4x2 - 2015","1,00,000 kms / Diesel","₹6,00,000"
"https://teja8.kuikr.com/i4/20260422/2015-Hyundai-Elite-i20-Asta-12---62000-kms-driven-in-Agra-Road-VB201705171774173-ak_LWBP842241177-1776846184_gv.webp","Hyundai Elite i20 Asta 1.2 - 2015","62,000 kms / Petrol","₹3,71,000"
"https://teja8.kuikr.com/i5/20260422/Blue-2011-BMW-X3-XDRIVE-20D---74100-kms-driven-in-Vashi-ak_LWBP206606335-1776845483_gv.webp","BMW X3 XDRIVE 20D - 2011","74,100 kms / Diesel / 2nd Owner","₹12,00,000"
"https://teja8.kuikr.com/i4/20260422/White-2017-Maruti-Suzuki-Ertiga-ZDI-Plus-SHVS---98413-kms-driven-in-Katargam-VB201705171774173-ak_LWBP650223315-1776843647_gv.webp","Maruti Suzuki Ertiga ZDI Plus SHVS - 2017","98,413 kms / Diesel","₹7,50,000"
"https://teja8.kuikr.com/i5/20260422/Grey-2016-Mercedes-Benz-GLA-200-Sport---148000-kms-driven-in-Nashik-Road-ak_LWBP657347977-1776846898_gv.webp","Mercedes Benz GLA 200 Sport - 2016","1,48,000 kms / Diesel / 2nd Owner","₹10,21,000"
"https://teja8.kuikr.com/i4/20260422/Beige-2011-Hyundai-Verna-Fluidic---144500-kms-driven-in-Attapur-ak_LWBP914565471-1776842141_gv.webp","Hyundai Verna Fluidic - 2011","1,44,500 kms / Diesel / 2nd Owner","₹3,50,000"
"https://teja8.kuikr.com/i4/20260422/Beige-2011-Hyundai-Verna-Fluidic---144500-kms-driven-in-ak_LWBP2138126865-1776842455_gv.webp","Hyundai Verna Fluidic - 2011","1,44,500 kms / Diesel / 2nd Owner","₹3,50,000"
"https://teja8.kuikr.com/i4/20260422/Beige-2011-Hyundai-Verna-Fluidic---144500-kms-driven-in-Attapur-ak_LWBP210552591-1776841895_gv.webp","Hyundai Verna Fluidic - 2011","1,44,500 kms / Diesel / 2nd Owner","₹3,50,000"
"https://teja8.kuikr.com/i6/20260422/White-2020-Maruti-Suzuki-Swift-Dzire-VDi---99000-kms-driven-in-Ram-Nagar-VB201705171774173-ak_LWBP152149214-1776835562_gv.webp","Maruti Suzuki Swift Dzire VDi - 2020","99,000 kms / Diesel","₹5,80,000"
"https://teja8.kuikr.com/i4/20260421/White-2014-Maruti-Suzuki-Swift-VXI-BSIII---63000-kms-driven-in-Kolar-Road-VB201705171774173-ak_LWBP1270612923-1776756866_gv.webp","Maruti Suzuki Swift VXI BSIII - 2014","63,000 kms / Petrol","₹3,30,000"
"https://teja8.kuikr.com/i4/20260422/White-2015-Ford-EcoSport-Titanium-15-TDCi---100000-kms-driven-in-Mansarovar-VB201705171774173-ak_LWBP830006979-1776832613_gv.webp","Ford EcoSport Titanium 1.5 TDCi - 2015","1,00,000 kms / Petrol","₹3,25,000"
"https://teja8.kuikr.com/i6/20260421/Blue-2011-BMW-5-Series-520d---140000-kms-driven-in-Wanwadi-ak_LWBP2010103376-1776793452_gv.webp","BMW 5 Series 520d - 2011","1,40,000 kms / Diesel / 3rd Owner","₹6,50,000"
"https://teja8.kuikr.com/i6/20260421/2021-MG-Motors-Astor---32000-kms-driven-in-Karond-VB201705171774173-ak_WBP530065400-1776779663_gv.webp","MG Motors Astor - 2021","32,000 kms / Petrol","₹15,00,000"
"https://teja8.kuikr.com/i5/20260421/Blue-2006-Hyundai-Sonata-Embera-24L-MT---80000-kms-driven-in-Tukum-VB201705171774173-ak_LWBP867130318-1776792872_gv.webp","Hyundai Sonata Embera 2.4L MT - 2006","80,000 kms / Petrol","₹1,99,999"
"https://teja9.kuikr.com/images/car/default-cars.jpeg","Mercedes Benz CLA Class 200 CDI Sport - 2019","65,000 kms / Diesel","₹18,00,000"
"https://teja8.kuikr.com/i5/20260422/2020-Maruti-Suzuki-BREZZA---57000-kms-driven-in-VB201705171774173-ak_LWBP1298704084-1776831622_gv.webp","Maruti Suzuki BREZZA - 2020","57,000 kms / Diesel","₹8,75,000"
"https://teja9.kuikr.com/images/car/default-cars.jpeg","Maruti Suzuki Ertiga Vxi CNG - 2024","90,000 kms / CNG","₹10,20,000"
"https://teja8.kuikr.com/i5/20260422/White-2012-Audi-A6-20-TDI-Premium---123000-kms-driven-in-Agra-Road-VB201705171774173-ak_WBP1278129391-1776803856_gv.webp","Audi A6 2.0 TDI Premium - 2012","1,23,000 kms / Diesel","₹8,65,000"
"https://teja9.kuikr.com/images/car/default-cars.jpeg","Hyundai Elite i20 1.2 SPORTS PLUS VTVT - 2019","35,000 kms / Petrol","₹5,10,000"
"","Hyundai Grand i10 1.2 KAPPA SPORTZ O  - 2017","1,900 kms / Petrol","₹3,50,000"
"","Honda Amaze 1.2 EX i VTEC - 2019","65,000 kms / Diesel / 1st Owner","₹4,94,999"
"","Ford Figo Trend 1.5 TDCi - 2015","1,15,000 kms / Diesel","₹3,45,000"
"","Maruti Suzuki Ertiga Vxi CNG - 2024","90,000 kms / CNG","₹10,20,000"
"","Hyundai Xcent Base ABS 1.1 CRDi - 2017","2,00,000 kms / CNG","₹2,70,000"
"","Mahindra Bolero SLX 4WD - 2011","1,60,000 kms / Diesel / 1st Owner","₹3,65,000"
"","Toyota Corolla Altis 1.8 VL AT - 2014","74,711 kms / Petrol / 1st Owner","₹5,00,000"
"","Mahindra Marazzo M2 7 STR - 2024","19,000 kms / Diesel / 1st Owner","₹13,00,000"
"","BMW 3 Series 320d Dynamic - 2013","1,30,000 kms / Diesel / 2nd Owner","₹10,50,000"
"","Mahindra XUV500 - 2015","74,000 kms / Diesel","₹4,35,000"
"","Renault Duster 110 PS RxZ Diesel - 2016","85,000 kms / Diesel","₹3,75,000"
"","Honda Civic 1.8V AT - 2008","18,000 kms / Petrol","₹4,50,000"
"","Chevrolet Sail 1.2 LS - 2013","10,000 kms / Petrol / 1st Owner","₹3,00,000"
"","Ford Figo Diesel ZXI - 2011","98,000 kms / Diesel","₹1,15,000"
"","Maruti Suzuki Alto K10 LXi - 2013","63,000 kms / Petrol / 1st Owner","₹2,00,000"
"","Honda Amaze 1.2 SX i VTEC - 2015","42,000 kms / Petrol","₹2,50,000"
"","Mini Cooper S 1.6 High - 2024","0 kms / Electric","₹12,000"
"","Hyundai Elite i20 ASTA 1.2 DUAL TONE - 2018","122 kms / Petrol","₹4,50,000"
"","Toyota Innova Crysta 2.4 VX 8 STR - 2022","27,000 kms / Diesel","₹27,50,000"
"","Maruti Suzuki Wagon R LX BS IV - 2014","38,400 kms / Petrol","₹2,10,000"
"","Mahindra Scorpio - 2007","1,62,000 kms / Diesel / 3rd Owner","₹1,70,000"